"","population","individual","b","c","exposure_score","Individ_id"
"1","Alkefjellet",1,0.999999999757165,0.994377741129617,23.0139,"NOS-4182652"
"2","Alkefjellet",10,1.00000000015552,0.989530686428314,22.7105,"NOS-4182662"
"3","Alkefjellet",11,0.99999999964075,0.99635060952418,24.0684,"NOS-4182663"
"4","Alkefjellet",12,0.999999999725333,0.990032086726796,24.9394,"NOS-4182664"
"5","Alkefjellet",13,1.00000000023647,0.992166076594417,26.3117,"NOS-4182665"
"6","Alkefjellet",14,1.00000000034834,0.991232591091392,22.8172,"NOS-4182667"
"7","Alkefjellet",15,0.999999999920874,0.995116415632851,24.479,"NOS-4186205"
"8","Alkefjellet",2,1.00000000005275,0.989855361394513,24.2593,"NOS-4182653"
"9","Alkefjellet",3,1.00000000000182,0.991796636778635,18.2935,"NOS-4182654"
"10","Alkefjellet",4,1.00000000025148,0.990612319587446,16.8419,"NOS-4182655"
"11","Alkefjellet",5,1.00000000003638,0.991292008894383,14.4642,"NOS-4182656"
"12","Alkefjellet",6,1.0000000001728,0.988530769553665,17.4639,"NOS-4182657"
"13","Alkefjellet",7,0.999999999833562,0.992375163509898,23.9283,"NOS-4182658"
"14","Alkefjellet",8,0.999999999607098,0.99098799581264,25.6935,"NOS-4182659"
"15","Alkefjellet",9,0.999999999799002,0.990008794940072,22.5526,"NOS-4182661"
"16","Bjørnøya",1,0.999999999849024,0.990720228122562,26.4194,"NOS-4181262"
"17","Bjørnøya",10,0.999999999844476,0.989464459419332,26.4954,"NOS-4182533"
"18","Bjørnøya",11,1.00000000012278,0.994459823685917,23.5206,"NOS-4182534"
"19","Bjørnøya",12,1.00000000027831,0.991236036352979,27.1093,"NOS-4182535"
"20","Bjørnøya",13,1.00000000007367,0.992706386083945,26.1333,"NOS-4182537"
"21","Bjørnøya",14,0.999999999648935,0.991460354057376,25.2225,"NOS-4182538"
"22","Bjørnøya",15,0.999999999889951,0.994632258138758,21.132,"NOS-4182539"
"23","Bjørnøya",16,0.999999999758984,0.992310602514671,26.2984,"NOS-4182541"
"24","Bjørnøya",17,1.00000000030923,0.992552757924937,25.7066,"NOS-4182542"
"25","Bjørnøya",18,0.999999999968168,0.991237170994432,27.302,"NOS-4182543"
"26","Bjørnøya",19,1.00000000014734,0.994124768636836,23.6067,"NOS-4182544"
"27","Bjørnøya",2,1.00000000035016,0.992567526937838,25.0589,"NOS-4181268"
"28","Bjørnøya",20,1.00000000023465,0.99310833862549,25.1865,"NOS-4182545"
"29","Bjørnøya",21,1.00000000009913,0.991757047207045,23.3864,"NOS-4182546"
"30","Bjørnøya",22,0.999999999957254,0.991764410091988,25.7951,"NOS-4182548"
"31","Bjørnøya",23,0.999999999938154,0.992248464982607,26.5907,"NOS-4182549"
"32","Bjørnøya",24,0.999999999960892,0.991004530267538,26.9602,"NOS-4214401"
"33","Bjørnøya",25,0.999999999703505,0.991853620200734,21.9803,"NOS-4214403"
"34","Bjørnøya",26,1.00000000018099,0.991854123643745,26.4019,"NOS-4214405"
"35","Bjørnøya",27,1.00000000007003,0.992060329329469,26.4494,"NOS-4214408"
"36","Bjørnøya",28,0.999999999787178,0.990890099956412,25.1339,"NOS-4214433"
"37","Bjørnøya",29,0.999999999792635,0.993375141239772,25.7897,"NOS-4214434"
"38","Bjørnøya",3,0.999999999971806,0.9942403979411,23.0406,"NOS-4181271"
"39","Bjørnøya",30,0.999999999986358,0.992567248406718,24.7345,"NOS-4214435"
"40","Bjørnøya",31,1.00000000002183,0.994104046072997,23.3953,"NOS-4282351"
"41","Bjørnøya",32,1.00000000012369,0.993312975072543,26.3417,"NOS-4282353"
"42","Bjørnøya",33,1.00000000015461,0.989566579371085,24.3867,"NOS-4282356"
"43","Bjørnøya",34,1.00000000039745,0.993227343045218,22.5801,"NOS-4282357"
"44","Bjørnøya",35,0.999999999799002,0.992153252467151,26.1079,"NOS-4282358"
"45","Bjørnøya",36,1.00000000050477,0.989862815671276,26.6628,"NOS-4282361"
"46","Bjørnøya",37,0.999999999808097,0.989833389357182,27.3417,"NOS-4282362"
"47","Bjørnøya",38,1.00000000033106,0.991940695699479,25.6289,"NOS-5109523"
"48","Bjørnøya",4,0.999999999959073,0.989759343865534,26.4832,"NOS-4182521"
"49","Bjørnøya",5,0.999999999859028,0.993157145049908,24.9035,"NOS-4182523"
"50","Bjørnøya",6,0.999999999530701,0.992137137983653,26.1896,"NOS-4182525"
"51","Bjørnøya",7,1.00000000002456,0.992094991363255,24.776,"NOS-4182526"
"52","Bjørnøya",8,0.999999999858119,0.991311168289816,25.8298,"NOS-4182528"
"53","Bjørnøya",9,0.999999999849024,0.991072446939416,24.8113,"NOS-4182531"
"54","Combined",1,1.00000000032787,0.996566279498449,24.8863,"ISR-336161"
"55","Combined",1,0.99999999973943,1.00219011605264,23.4127,"ISR-336161"
"56","Combined",10,1.00000000005821,0.998265064458587,22.915,"ISR-339223"
"57","Combined",11,1.00000000049749,0.999723511864455,23.7248,"ISR-339226"
"58","Combined",12,0.999999999876991,0.998325855150407,24.2018,"ISR-339227"
"59","Combined",13,0.999999999879492,0.996438906098716,25.7752,"ISR-339229"
"60","Combined",14,0.999999999760803,0.996897368004948,24.4444,"ISR-339230"
"61","Combined",15,1.00000000006025,0.998484273317547,23.6317,"ISR-339231"
"62","Combined",16,0.999999999994088,0.998709875558882,24.3843,"ISR-339233"
"63","Combined",17,1.00000000003229,0.996339697762882,23.5329,"ISR-339234"
"64","Combined",18,1.00000000005457,0.99687127072237,23.6169,"ISR-339235"
"65","Combined",19,0.999999999997044,1.00057454609824,24.0509,"ISR-339237"
"66","Combined",2,0.999999999921329,0.999549357407165,23.6433,"ISR-336163"
"67","Combined",2,1.00000000027103,1.0007912400267,24.5834,"ISR-336163"
"68","Combined",20,1.00000000003547,0.996196428666304,26.2525,"ISR-339238"
"69","Combined",21,0.999999999927923,0.99578330679979,25.2363,"ISR-339239"
"70","Combined",22,0.999999999989996,0.999989730916905,23.2482,"ISR-339240"
"71","Combined",23,0.99999999961392,0.996999665015569,24.5711,"ISR-339242"
"72","Combined",24,1.00000000006457,0.997046434170705,25.0879,"ISR-339243"
"73","Combined",25,1.00000000009231,0.999135756771017,23.4296,"ISR-339244"
"74","Combined",26,0.99999999996453,0.998870907836368,24.785,"ISR-339245"
"75","Combined",27,0.999999999826287,0.997776357574645,22.1064,"ISR-339246"
"76","Combined",28,1.00000000008095,0.99760624908076,24.3163,"ISR-339248"
"77","Combined",29,0.9999999997749,0.998151253172018,23.1896,"ISR-340703"
"78","Combined",3,1.00000000009686,0.996265991314718,23.2912,"ISR-336166"
"79","Combined",3,0.999999999979764,0.998169378391786,24.5277,"ISR-336166"
"80","Combined",30,1.00000000002251,1.00111193641231,23.8131,"ISR-340709"
"81","Combined",31,1.00000000002956,0.99836809878551,23.6036,"ISR-340719"
"82","Combined",32,0.99999999996453,0.998366304006328,23.1833,"ISR-340721"
"83","Combined",33,1.0000000001105,0.979775576505686,19.1949,"ISR-340732"
"84","Combined",34,1.00000000061709,1.00329593634314,23.6492,"ISR-340758"
"85","Combined",35,1.00000000021191,0.999532427304377,22.8991,"ISR-340760"
"86","Combined",36,1.00000000005502,0.998532742489519,23.3717,"ISR-340761"
"87","Combined",37,0.999999999768079,0.995804230472183,24.1198,"ISR-340770"
"88","Combined",38,1.00000000004502,0.993764630741486,23.9052,"ISR-340772"
"89","Combined",39,1.0000000000482,0.996243635830146,22.9946,"ISR-340790"
"90","Combined",4,0.999999999854026,0.994059376710697,23.3168,"ISR-336167"
"91","Combined",40,1.0000000001528,0.997350455976776,24.3947,"ISR-340800"
"92","Combined",41,0.999999999951342,0.994763455735224,22.3766,"ISR-341696"
"93","Combined",42,0.999999999701231,0.996058115115986,23.7454,"ISR-341697"
"94","Combined",43,0.999999999913598,0.998141692092499,23.8744,"ISR-341698"
"95","Combined",44,0.999999999766715,0.99850094000086,24.4384,"ISR-341701"
"96","Combined",45,1.00000000013461,0.996143353777854,23.496,"ISR-341703"
"97","Combined",46,0.999999999862666,0.998295287617954,24.4166,"ISR-341704"
"98","Combined",47,0.999999999764896,0.998043926219434,22.791,"ISR-341712"
"99","Combined",48,0.999999999823103,0.997109806486372,22.4301,"ISR-350701"
"100","Combined",49,0.999999999957708,0.996533459701465,22.8051,"ISR-350703"
"101","Combined",5,1.00000000005275,1.00053375545867,23.9578,"ISR-336176"
"102","Combined",50,0.999999999892225,0.99539333921634,22.4213,"ISR-350704"
"103","Combined",51,1.00000000010823,0.999196319420136,24.3641,"ISR-350706"
"104","Combined",52,1.0000000000523,0.999187806439611,23.3373,"ISR-350708"
"105","Combined",53,0.999999999853571,1.00020015363635,23.5769,"ISR-350710"
"106","Combined",54,0.999999999628471,0.995357377067807,24.6397,"ISR-350711"
"107","Combined",6,0.999999999642569,1.00469315956345,23.1538,"ISR-336179"
"108","Combined",7,1.00000000017053,1.00114537065694,23.7398,"ISR-339217"
"109","Combined",8,1.00000000000728,1.00163497289063,23.9229,"ISR-339220"
"110","Combined",9,0.999999999746478,0.99941674390432,25.1848,"ISR-339222"
"111","Eynhallow",1,0.999999999760803,1.00454795474375,27.3542,"GBT-FA82356"
"112","Eynhallow",10,1.00000000021805,1.00035885376999,26.5961,"GBT-FC71061"
"113","Eynhallow",100,0.999999999443844,0.996578187005164,25.8688,"GBT-FP96200"
"114","Eynhallow",101,0.999999999997499,1.00114183396949,25.1435,"GBT-FP96218"
"115","Eynhallow",102,0.999999999466581,0.99990034739918,27.5454,"GBT-FP96219"
"116","Eynhallow",103,0.999999999829015,0.997088768529448,25.2651,"GBT-FP96220"
"117","Eynhallow",104,1.00000000018554,1.00599208465913,26.5855,"GBT-FP96224"
"118","Eynhallow",105,0.99999999981128,0.999977813776965,27.3602,"GBT-FP96225"
"119","Eynhallow",106,0.999999999958618,0.999409076132343,27.5668,"GBT-FP96226"
"120","Eynhallow",107,0.999999999988177,1.00267656068694,26.9465,"GBT-FP96227"
"121","Eynhallow",108,1.0000000001196,0.999138063113064,26.6551,"GBT-FP96228"
"122","Eynhallow",109,0.999999999799456,1.000764069709,26.612,"GBT-FP96234"
"123","Eynhallow",11,1.00000000026739,1.00407987928058,27.0337,"GBT-FC88717"
"124","Eynhallow",110,1.00000000034242,1.00019678200312,27.0513,"GBT-FP96235"
"125","Eynhallow",111,1.00000000015507,1.00005366803251,24.963,"GBT-FP96288"
"126","Eynhallow",112,0.999999999849024,1.00246543662101,27.4665,"GBT-FP96304"
"127","Eynhallow",113,1.00000000029013,1.01111911328327,26.8466,"GBT-FP96325"
"128","Eynhallow",114,0.999999999572537,1.00408295220931,27.3394,"GBT-FP96328"
"129","Eynhallow",115,1.00000000019054,0.996974701659082,27.2207,"GBT-FP96329"
"130","Eynhallow",116,0.99999999992383,0.995247777441253,25.5314,"GBT-FP96332"
"131","Eynhallow",117,1.00000000017963,1.00497329183324,26.4813,"GBT-FP96344"
"132","Eynhallow",118,1.00000000016189,1.00189487269332,25.3452,"GBT-FP96361"
"133","Eynhallow",119,1.00000000008185,1.01014585526834,27.0305,"GBT-FP96377"
"134","Eynhallow",12,1.00000000035016,1.00353878150843,26.0433,"GBT-FC88748"
"135","Eynhallow",120,1.00000000022646,1.00063036411557,27.6897,"GBT-FP96378"
"136","Eynhallow",121,1.00000000010891,1.00386191829101,26.9791,"GBT-FP96381"
"137","Eynhallow",122,1.00000000016985,1.00687046669371,26.295,"GBT-FP96399"
"138","Eynhallow",123,1.00000000011892,1.00405756582633,26.3722,"GBT-FP96400"
"139","Eynhallow",124,0.999999999780812,1.00588920651537,26.2434,"GBT-FP96491"
"140","Eynhallow",125,1.00000000005548,1.00058993744403,26.2072,"GBT-FP96492"
"141","Eynhallow",126,1.00000000033242,1.00445927115962,26.1426,"GBT-FP96493"
"142","Eynhallow",127,0.999999999967486,1.00029563749812,26.8965,"GBT-FP96494"
"143","Eynhallow",128,0.999999999967258,0.99992411217912,27.3736,"GBT-FP96498"
"144","Eynhallow",129,0.999999999713964,1.00990841689133,26.9701,"GBT-FP96500"
"145","Eynhallow",13,0.999999999775355,1.00981100750636,27.1255,"GBT-FH89003"
"146","Eynhallow",130,0.999999999867214,0.999956442310584,26.2711,"GBT-FR77703"
"147","Eynhallow",131,1.00000000025284,1.00337867309225,27.3915,"GBT-FR77804"
"148","Eynhallow",132,1.00000000014916,1.00606109720772,26.9091,"GBT-FR77822"
"149","Eynhallow",133,0.999999999930878,1.00606149811476,28.0973,"GBT-FR77890"
"150","Eynhallow",134,0.999999999953161,1.00091947334747,26.714,"GBT-FR77984"
"151","Eynhallow",135,1.00000000016917,1.00088694695042,25.5675,"GBT-FR77985"
"152","Eynhallow",136,1.00000000019281,1.00413175333425,27.106,"GBT-FS68841"
"153","Eynhallow",14,0.999999999773991,1.00188380982851,25.6656,"GBT-FH89004"
"154","Eynhallow",15,0.999999999662577,1.00100277393893,27.3651,"GBT-FH89005"
"155","Eynhallow",16,1.00000000017235,1.00881094406657,26.272,"GBT-FH89008"
"156","Eynhallow",17,1.00000000057662,1.01052004330031,27.1986,"GBT-FH89013"
"157","Eynhallow",18,1.00000000022237,1.00326348008201,26.6773,"GBT-FH89014"
"158","Eynhallow",19,1.00000000037653,1.00815412122889,26.763,"GBT-FH89016"
"159","Eynhallow",2,0.999999999992042,0.997763769148827,26.1906,"GBT-FC14562"
"160","Eynhallow",20,1.00000000006548,0.997728402377709,27.3955,"GBT-FH89017"
"161","Eynhallow",21,1.00000000012278,1.01248410945696,27.5845,"GBT-FH89018"
"162","Eynhallow",22,1.00000000021237,1.00335166719145,25.7588,"GBT-FH89020"
"163","Eynhallow",23,1.00000000008504,0.997689876470183,24.5265,"GBT-FH89021"
"164","Eynhallow",24,1.00000000042382,0.997896118849457,28.1125,"GBT-FH89023"
"165","Eynhallow",25,0.999999999784677,1.00457199311144,26.907,"GBT-FH89025"
"166","Eynhallow",26,0.999999999906322,1.0046006658521,27.7008,"GBT-FH89027"
"167","Eynhallow",27,0.999999999587089,1.00895827618792,26.8073,"GBT-FH89031"
"168","Eynhallow",28,0.999999999695319,1.00031106484277,26.825,"GBT-FH89034"
"169","Eynhallow",29,0.999999999975444,1.00652397339212,27.0815,"GBT-FH89036"
"170","Eynhallow",3,1.00000000024738,1.00678086726543,27.1204,"GBT-FC14766"
"171","Eynhallow",30,0.999999999796728,1.00721961819717,27.1942,"GBT-FH89043"
"172","Eynhallow",31,0.999999999785814,1.00877719270813,27.6984,"GBT-FH89085"
"173","Eynhallow",32,1.00000000017008,0.999587340759396,26.9389,"GBT-FH89086"
"174","Eynhallow",33,1.00000000007867,1.00300567570886,26.886,"GBT-FH89088"
"175","Eynhallow",34,1.00000000023419,1.01047858387664,27.0057,"GBT-FH89089"
"176","Eynhallow",35,0.99999999982856,1.00547159070977,27.4182,"GBT-FH89090"
"177","Eynhallow",36,1.00000000018827,1.00725145050158,26.8587,"GBT-FH89091"
"178","Eynhallow",37,1.00000000008095,1.00324720608019,27.4815,"GBT-FH89093"
"179","Eynhallow",38,0.999999999725333,1.00439342861888,27.0624,"GBT-FH89095"
"180","Eynhallow",39,0.999999999485226,0.999043738187553,27.2213,"GBT-FH89096"
"181","Eynhallow",4,0.999999999744432,1.00602576685703,27.0189,"GBT-FC14836"
"182","Eynhallow",40,0.999999999978172,1.00740766173627,27.1745,"GBT-FH89099"
"183","Eynhallow",41,1.00000000023465,1.00551688280817,27.6889,"GBT-FH89102"
"184","Eynhallow",42,0.999999999880401,0.998532289084459,25.6111,"GBT-FH89108"
"185","Eynhallow",43,1.00000000029081,1.00420589924911,25.7875,"GBT-FP05006"
"186","Eynhallow",44,1.00000000006571,0.997702305478914,26.0053,"GBT-FP05013"
"187","Eynhallow",45,1.00000000016462,1.00351030297885,27.372,"GBT-FP05030"
"188","Eynhallow",46,1.00000000002092,1.01077344866953,27.8919,"GBT-FP05078"
"189","Eynhallow",47,0.999999999827196,0.996718585898034,23.4777,"GBT-FP05082"
"190","Eynhallow",48,1.00000000013279,1.00130495078608,25.4668,"GBT-FP05091"
"191","Eynhallow",49,0.999999999831743,0.999651437613504,23.9783,"GBT-FP05130"
"192","Eynhallow",5,1.00000000015007,1.00266126850788,27.2502,"GBT-FC14839"
"193","Eynhallow",50,0.999999999535703,1.00965990343079,26.571,"GBT-FP05132"
"194","Eynhallow",51,1.00000000034743,1.00441320464554,27.0662,"GBT-FP05134"
"195","Eynhallow",52,1.00000000010186,1.00243100014466,25.2574,"GBT-FP05135"
"196","Eynhallow",53,1.00000000040245,1.01224112324063,26.9281,"GBT-FP05150"
"197","Eynhallow",54,0.99999999997658,0.999317527415936,26.0233,"GBT-FP05183"
"198","Eynhallow",55,0.999999999689862,0.999274804288149,27.2043,"GBT-FP05192"
"199","Eynhallow",56,0.999999999970214,1.0041329477437,25.8909,"GBT-FP05203"
"200","Eynhallow",57,0.999999999917236,1.00604395287221,27.4746,"GBT-FP05205"
"201","Eynhallow",58,0.999999999780812,1.00591802963286,27.1542,"GBT-FP05208"
"202","Eynhallow",59,0.999999999930424,1.00754722346602,27.0893,"GBT-FP05214"
"203","Eynhallow",6,0.999999999559805,1.00332557398882,27.5532,"GBT-FC28752"
"204","Eynhallow",60,1.00000000019327,1.0024549302132,27.3298,"GBT-FP05222"
"205","Eynhallow",61,0.999999999777174,1.00099006070981,27.7979,"GBT-FP05224"
"206","Eynhallow",62,0.99999999951342,1.00862752959528,27.8929,"GBT-FP05229"
"207","Eynhallow",63,0.999999999900865,1.00796635930121,27.3902,"GBT-FP05231"
"208","Eynhallow",64,0.999999999769216,1.0010713680429,26.1603,"GBT-FP05238"
"209","Eynhallow",65,0.999999999940883,0.997924012729511,24.2381,"GBT-FP05438"
"210","Eynhallow",66,0.999999999922238,1.00933554793933,27.4931,"GBT-FP96010"
"211","Eynhallow",67,1.00000000024374,1.00556364461242,26.7408,"GBT-FP96018"
"212","Eynhallow",68,1.00000000025716,0.995685091982074,25.2335,"GBT-FP96027"
"213","Eynhallow",69,0.999999999984539,0.997213960261711,25.6319,"GBT-FP96037"
"214","Eynhallow",7,0.999999999835381,1.0035732927937,27.196,"GBT-FC28841"
"215","Eynhallow",70,0.9999999995498,1.00088036380666,27.5657,"GBT-FP96044"
"216","Eynhallow",71,0.999999999843567,1.00160446913894,26.3035,"GBT-FP96045"
"217","Eynhallow",72,1.00000000020418,1.00358614996595,25.2113,"GBT-FP96054"
"218","Eynhallow",73,1.00000000015916,0.998481898245728,27.6493,"GBT-FP96057"
"219","Eynhallow",74,1.00000000012551,1.0074531090773,26.3639,"GBT-FP96064"
"220","Eynhallow",75,0.999999999887677,0.996764577773951,25.9036,"GBT-FP96075"
"221","Eynhallow",76,0.999999999700321,0.99500568003604,28.4354,"GBT-FP96076"
"222","Eynhallow",77,1.00000000039745,1.00078169690317,27.3584,"GBT-FP96077"
"223","Eynhallow",78,0.999999999508873,0.996678999407556,27.555,"GBT-FP96078"
"224","Eynhallow",79,1.00000000019645,1.00815766832986,26.949,"GBT-FP96123"
"225","Eynhallow",8,1.00000000009459,1.00126442809582,26.4428,"GBT-FC28975"
"226","Eynhallow",80,0.999999999948614,1.00589482102783,27.3614,"GBT-FP96129"
"227","Eynhallow",81,0.999999999942247,0.996127515082253,27.354,"GBT-FP96139"
"228","Eynhallow",82,0.999999999684405,1.00057948210363,25.0035,"GBT-FP96147"
"229","Eynhallow",83,0.999999999874035,0.996758521683765,27.2209,"GBT-FP96151"
"230","Eynhallow",84,0.999999999706688,1.00008425372288,25.9432,"GBT-FP96152"
"231","Eynhallow",85,0.999999999537749,1.0016726250345,26.4736,"GBT-FP96155"
"232","Eynhallow",86,0.999999999961801,1.01537665486975,28.0265,"GBT-FP96156"
"233","Eynhallow",87,0.999999999458851,0.99587274641835,27.5002,"GBT-FP96157"
"234","Eynhallow",88,0.999999999792635,1.00428587666801,27.2788,"GBT-FP96158"
"235","Eynhallow",89,1.00000000029149,1.00457213062742,26.4747,"GBT-FP96159"
"236","Eynhallow",9,1.00000000024647,1.00577637393198,27.0093,"GBT-FC28999"
"237","Eynhallow",90,1.000000000005,0.9997827046356,25.9211,"GBT-FP96160"
"238","Eynhallow",91,1.00000000007276,1.00304848778283,26.8955,"GBT-FP96161"
"239","Eynhallow",92,0.999999999899501,1.00306205777983,27.7262,"GBT-FP96162"
"240","Eynhallow",93,0.999999999718057,1.00064777074815,26.5852,"GBT-FP96186"
"241","Eynhallow",94,1.00000000003229,0.996347889060849,27.7087,"GBT-FP96193"
"242","Eynhallow",95,1.00000000008004,1.0070804867497,27.1596,"GBT-FP96194"
"243","Eynhallow",96,0.999999999863576,0.998635422761583,24.241,"GBT-FP96195"
"244","Eynhallow",97,1.00000000017099,1.00128800506938,26.5843,"GBT-FP96196"
"245","Eynhallow",98,0.999999999637566,1.00814214400234,26.9409,"GBT-FP96197"
"246","Eynhallow",99,1.00000000021168,1.0040114740771,26.5773,"GBT-FP96199"
"247","Faroe.Islands",1,1.00000000034424,0.998210411529787,26.5446,"DKC-4074923"
"248","Faroe.Islands",10,0.999999999926331,0.997468753399286,24.3589,"DKC-4298255"
"249","Faroe.Islands",11,0.999999999979082,0.996204065681563,25.3738,"DKC-4298258"
"250","Faroe.Islands",12,1.00000000001046,0.995850754959683,22.6139,"DKC-4298263"
"251","Faroe.Islands",13,1.00000000019463,1.00083165700494,26.2179,"DKC-4F-3042"
"252","Faroe.Islands",14,0.999999999731244,0.997072035581282,26.9508,"DKC-4F0156"
"253","Faroe.Islands",15,1.00000000004684,0.996843789927327,24.4089,"DKC-4F0158"
"254","Faroe.Islands",16,1.00000000039563,0.998849409401285,25.1507,"DKC-4F0160"
"255","Faroe.Islands",17,0.999999999899501,0.995839675083539,24.6246,"DKC-4F0161"
"256","Faroe.Islands",18,1.00000000015052,0.995479259898051,26.1297,"DKC-4F0164"
"257","Faroe.Islands",19,0.99999999976535,0.99646687217388,26.4895,"DKC-4F0166"
"258","Faroe.Islands",2,1.00000000000091,1.00384322617843,27.2109,"DKC-4294430"
"259","Faroe.Islands",20,0.999999999926331,0.995300925833053,24.5128,"DKC-4F0167"
"260","Faroe.Islands",21,0.999999999720785,0.995903694804414,25.8865,"DKC-4F0168"
"261","Faroe.Islands",22,0.999999999900865,0.996602605404303,25.0449,"DKC-4F0169"
"262","Faroe.Islands",3,0.999999999818101,0.996089296250016,24.8243,"DKC-4294439"
"263","Faroe.Islands",4,0.999999999893816,0.99507807910971,26.3428,"DKC-4294440"
"264","Faroe.Islands",5,0.999999999885404,0.993990342111964,29.4227,"DKC-4294442"
"265","Faroe.Islands",6,0.999999999796046,0.995565556880856,25.585,"DKC-4294448"
"266","Faroe.Islands",7,0.999999999891315,0.998974113771944,27.5869,"DKC-4294450"
"267","Faroe.Islands",8,1.00000000006958,0.997088490140114,25.4512,"DKC-4298152"
"268","Faroe.Islands",9,0.999999999954525,0.996398786767226,23.3746,"DKC-4298251"
"269","Inishkea",1,0.999999999831743,0.998461564169338,25.9525,"GBT-FH15526"
"270","Inishkea",2,1.0000000002201,1.00182666466961,27.4713,"GBT-FH15698"
"271","Inishkea",3,0.99999999990996,1.00117709486025,27.3025,"GBT-FH78391"
"272","Inishkea",4,1.00000000045702,0.999677417253728,27.1135,"GBT-FH78393"
"273","Isle.of.Canna",1,0.999999999780357,0.995751537014952,27.318,"GBT-FH49405"
"274","Isle.of.Canna",2,1.00000000035652,1.00387918592427,26.7194,"GBT-FH49407"
"275","Isle.of.Canna",3,0.999999999831743,1.0000887943496,26.3371,"GBT-FH49494"
"276","Isle.of.Canna",4,1.00000000005912,0.997253382892812,26.6319,"GBT-FP29405"
"277","Isle.of.Canna",5,0.99999999990905,1.00121269711359,24.8061,"GBT-FP41256"
"278","Isle.of.Canna",6,0.999999999768988,0.996211588403976,25.4326,"GBT-FP48025"
"279","Isle.of.Canna",7,0.999999999825832,0.998723626279968,25.522,"GBT-FP48027"
"280","Isle.of.Canna",8,1.00000000034788,1.00497754326118,27.5719,"GBT-FP84411"
"281","Jan.Mayen",1,1.00000000008163,0.993763212999167,26.3254,"NOS-4181597"
"282","Jan.Mayen",10,1.00000000002638,0.989921881295296,23.0043,"NOS-4181611"
"283","Jan.Mayen",11,1.00000000015189,0.992909958900864,26.6253,"NOS-4181612"
"284","Jan.Mayen",12,1.00000000019054,0.992621358647816,25.1765,"NOS-4181614"
"285","Jan.Mayen",13,0.999999999758757,0.991986983125862,25.4328,"NOS-4181615"
"286","Jan.Mayen",14,0.999999999742613,0.991830189535365,25.4729,"NOS-4181617"
"287","Jan.Mayen",15,0.99999999978786,0.990365134070162,24.7699,"NOS-4181620"
"288","Jan.Mayen",16,1.0000000003854,0.992486605159001,25.0939,"NOS-4181621"
"289","Jan.Mayen",17,1.00000000002524,0.991975601524361,25.5201,"NOS-4181622"
"290","Jan.Mayen",18,0.999999999823558,0.991534415668588,24.295,"NOS-4181623"
"291","Jan.Mayen",19,1.00000000005184,0.995850059473186,25.2346,"NOS-4181624"
"292","Jan.Mayen",2,0.999999999937245,0.9913028268406,24.3505,"NOS-4181600"
"293","Jan.Mayen",20,1.00000000006526,0.994904352418786,25.2523,"NOS-4181625"
"294","Jan.Mayen",21,0.999999999993634,0.991602893998135,25.2747,"NOS-4181626"
"295","Jan.Mayen",22,0.999999999924512,0.994095108757191,22.8172,"NOS-4181627"
"296","Jan.Mayen",23,0.9999999996935,0.995106872633947,25.3948,"NOS-4181628"
"297","Jan.Mayen",24,0.99999999987881,0.993152360774244,26.1568,"NOS-4181629"
"298","Jan.Mayen",25,0.999999999882448,0.993864398190216,25.2699,"NOS-4181630"
"299","Jan.Mayen",26,1.00000000002319,0.991959736444164,26.5273,"NOS-4181631"
"300","Jan.Mayen",27,1.00000000014916,0.993239869974184,25.195,"NOS-4181632"
"301","Jan.Mayen",28,1.00000000001432,0.991964249193967,26.5003,"NOS-4181633"
"302","Jan.Mayen",29,1.00000000006912,0.991511989194444,24.7372,"NOS-4181634"
"303","Jan.Mayen",3,0.999999999758757,0.990476346627028,25.3534,"NOS-4181602"
"304","Jan.Mayen",30,0.999999999803094,0.992722953492523,25.5611,"NOS-4181636"
"305","Jan.Mayen",31,0.999999999840838,0.99506140147026,25.3852,"NOS-4181637"
"306","Jan.Mayen",32,0.999999999737611,0.990641209684723,24.3034,"NOS-4181638"
"307","Jan.Mayen",33,0.999999999878128,0.993164821878181,24.944,"NOS-4181639"
"308","Jan.Mayen",34,0.99999999980264,0.992908253371605,26.0584,"NOS-4181640"
"309","Jan.Mayen",35,0.999999999826514,0.992058636330473,24.0636,"NOS-4181641"
"310","Jan.Mayen",36,0.999999999995453,0.991928413376828,24.5525,"NOS-4181642"
"311","Jan.Mayen",37,1.00000000010141,0.993447866043822,26.6641,"NOS-4181644"
"312","Jan.Mayen",38,0.999999999816282,0.993491083298062,25.2781,"NOS-4181645"
"313","Jan.Mayen",39,1.00000000005639,0.991254477003325,24.7938,"NOS-4181646"
"314","Jan.Mayen",4,0.999999999876081,0.993089970205978,26.1087,"NOS-4181604"
"315","Jan.Mayen",40,1.00000000000682,0.991092915473606,25.414,"NOS-4181647"
"316","Jan.Mayen",41,1.00000000011755,0.993173997933664,24.601,"NOS-4181650"
"317","Jan.Mayen",42,1.00000000016144,0.990363548639091,25.3984,"NOS-4181651"
"318","Jan.Mayen",43,1.00000000054297,0.989505109389642,23.8736,"NOS-4181654"
"319","Jan.Mayen",44,1.00000000016325,0.994592955498144,25.6435,"NOS-4181655"
"320","Jan.Mayen",45,0.999999999824013,0.993920007831894,26.0886,"NOS-4181657"
"321","Jan.Mayen",46,0.999999999996817,0.991693671346128,25.9026,"NOS-4181661"
"322","Jan.Mayen",47,1.00000000009982,0.994087385563406,25.0121,"NOS-4181662"
"323","Jan.Mayen",48,0.999999999901547,0.992875326062588,26.1845,"NOS-4181663"
"324","Jan.Mayen",49,1.00000000012369,0.992648093891406,26.8591,"NOS-4181664"
"325","Jan.Mayen",5,0.999999999802412,0.991332952318224,24.9022,"NOS-4181605"
"326","Jan.Mayen",50,0.99999999978354,0.99478724795423,24.6651,"NOS-4181665"
"327","Jan.Mayen",51,1.00000000017462,0.995519063287714,24.5333,"NOS-4181666"
"328","Jan.Mayen",52,1.00000000003365,0.99338567103119,27.2929,"NOS-4181667"
"329","Jan.Mayen",53,0.999999999849024,0.995628006277931,25.5315,"NOS-4181668"
"330","Jan.Mayen",54,1.00000000027649,0.991822518643199,24.7332,"NOS-4181670"
"331","Jan.Mayen",55,0.999999999654392,0.995606533526768,26.624,"NOS-4181674"
"332","Jan.Mayen",6,1.00000000013642,0.990990305409658,27.644,"NOS-4181606"
"333","Jan.Mayen",7,0.9999999997749,0.992614770741715,24.6274,"NOS-4181607"
"334","Jan.Mayen",8,0.99999999979741,0.994529641490569,25.7224,"NOS-4181608"
"335","Jan.Mayen",9,0.999999999579359,0.994745755430834,25.2208,"NOS-4181610"
"336","Jarsteinen",1,1.00000000001637,0.99875399609616,28.2029,"NOS-4104835"
"337","Jarsteinen",10,1.00000000023783,0.999750791319228,26.8061,"NOS-4262804"
"338","Jarsteinen",11,0.99999999973943,1.00234246930425,29.1346,"NOS-4262952"
"339","Jarsteinen",12,1.00000000025261,0.998265062338605,25.2926,"NOS-4264093"
"340","Jarsteinen",13,0.999999999925876,0.997515270128162,23.9713,"NOS-4264390"
"341","Jarsteinen",14,1.00000000015098,0.997886687835183,28.0873,"NOS-4264403"
"342","Jarsteinen",15,1.00000000015916,1.00789450688626,28.3447,"NOS-4264405"
"343","Jarsteinen",2,1.00000000019759,1.0005570574521,26.0207,"NOS-4207468"
"344","Jarsteinen",3,0.999999999901092,0.999760064029754,25.6143,"NOS-4221715"
"345","Jarsteinen",4,1.00000000003001,1.00501001146377,27.5253,"NOS-4241937"
"346","Jarsteinen",5,1.00000000028149,1.00159133323158,27.7345,"NOS-4262401"
"347","Jarsteinen",6,0.999999999865395,1.0043724162979,27.8831,"NOS-4262415"
"348","Jarsteinen",7,0.999999999769898,0.998317459253407,26.9936,"NOS-4262538"
"349","Jarsteinen",8,0.999999999979991,0.996005766226525,24.786,"NOS-4262541"
"350","Jarsteinen",9,1.0000000007858,1.02092285746606,29.7718,"NOS-4262801"
"351","Little.Saltee",1,0.999999999989086,0.98202844127675,29.1377,"GBT-FA88604"
"352","Little.Saltee",10,1.000000000211,0.991523755834006,26.481,"GBT-FH78367"
"353","Little.Saltee",11,1.00000000000182,0.984620388896415,29.5132,"GBT-FJ59505"
"354","Little.Saltee",12,0.999999999929059,0.992893205499852,27.9055,"GBT-FJ59507"
"355","Little.Saltee",13,1.00000000006094,0.989516536637003,29.1875,"GBT-FP14812"
"356","Little.Saltee",14,1.0000000003356,0.986725745763145,28.8048,"GBT-FP14834"
"357","Little.Saltee",15,0.999999999801275,0.98730590189449,28.8248,"GBT-FP14869"
"358","Little.Saltee",16,0.999999999948614,0.997600604406111,27.4462,"GBT-FP14991"
"359","Little.Saltee",17,1.00000000027285,0.988905624467283,29.735,"GBT-FP14999"
"360","Little.Saltee",18,1.00000000033651,0.994534621866297,29.5005,"GBT-FP40312"
"361","Little.Saltee",19,1.00000000007276,0.989791267734864,29.5023,"GBT-FP40344"
"362","Little.Saltee",2,1.00000000083401,0.989908120078974,29.1162,"GBT-FB25124"
"363","Little.Saltee",20,0.999999999838565,0.994175029226173,27.1784,"GBT-FP40362"
"364","Little.Saltee",21,1.00000000040836,0.989238877711008,28.7663,"GBT-FP40378"
"365","Little.Saltee",22,0.999999999683496,0.989305692622779,29.4011,"GBT-FP40433"
"366","Little.Saltee",23,1.00000000006412,0.993087378793186,28.6208,"GBT-FP64331"
"367","Little.Saltee",24,1.00000000023283,0.982268858472899,29.1431,"GBT-FP64357"
"368","Little.Saltee",25,0.999999999984539,0.988541254812034,29.0062,"GBT-FP64364"
"369","Little.Saltee",26,1.00000000005457,0.974861648890694,28.7954,"GBT-FP64367"
"370","Little.Saltee",27,0.999999999356078,0.986833210077413,28.3852,"GBT-FR18053"
"371","Little.Saltee",28,1.00000000054752,0.981586023975248,29.831,"GBT-FR18074"
"372","Little.Saltee",29,1.00000000047839,0.979800572527047,28.4653,"GBT-FR18354"
"373","Little.Saltee",3,1.00000000003365,0.984438105239136,28.7193,"GBT-FB25128"
"374","Little.Saltee",30,1.0000000000955,0.98990648016317,27.9839,"GBT-FV46558"
"375","Little.Saltee",31,1.00000000038563,0.983761126866563,29.4082,"GBT-FV46572"
"376","Little.Saltee",32,1.00000000002365,0.979497148461668,29.2731,"GBT-FV46799"
"377","Little.Saltee",4,1.00000000039381,0.998321972067073,27.1578,"GBT-FB25130"
"378","Little.Saltee",5,1.00000000014825,0.992319585719701,28.8184,"GBT-FB25133"
"379","Little.Saltee",6,1.00000000006094,0.99534368681718,24.2122,"GBT-FB25141"
"380","Little.Saltee",7,0.999999999767169,0.98771953706903,27.7765,"GBT-FH15572"
"381","Little.Saltee",8,0.999999999701686,0.985412908491281,29.3557,"GBT-FH78306"
"382","Little.Saltee",9,1.0000000002924,0.993629151535318,27.4201,"GBT-FH78356"
