"population","individual","tracking_year","b","c","exposure_score"
"Alkefjellet","NOS.4182652","2015","1.00000000003547","0.994166107470613","22.7556"
"Alkefjellet","NOS.4182652","2016","1.00000000009095","0.993764589319035","23.2569"
"Alkefjellet","NOS.4182653","2015","1.00000000034561","0.992530961068631","21.3527"
"Alkefjellet","NOS.4182653","2016","0.999999999719876","0.994763311435417","22.218"
"Alkefjellet","NOS.4182653","2017","1.00000000028376","0.993875461128494","24.3127"
"Alkefjellet","NOS.4182653","2018","1.00000000006185","0.993771341069392","21.2087"
"Alkefjellet","NOS.4182653","2019","0.999999999908141","0.991069588045254","27.8046"
"Alkefjellet","NOS.4182653","2020","1.00000000026648","0.98745309330307","28.3892"
"Alkefjellet","NOS.4182654","2015","0.999999999625743","0.998755148250889","13.2735"
"Alkefjellet","NOS.4182654","2016","0.999999999941792","0.994937808109765","17.5485"
"Alkefjellet","NOS.4182654","2017","1.00000000025193","0.993282129333398","20.6065"
"Alkefjellet","NOS.4182654","2018","1.00000000010641","0.990074823595704","21.7239"
"Alkefjellet","NOS.4182655","2015","1.00000000020827","0.996663412730155","18.0137"
"Alkefjellet","NOS.4182655","2016","0.999999999828106","0.990061612165951","18.9405"
"Alkefjellet","NOS.4182655","2017","0.999999999648935","0.989441146080223","13.1297"
"Alkefjellet","NOS.4182656","2016","0.99999999978354","0.995856915729074","14.4947"
"Alkefjellet","NOS.4182657","2016","0.999999999767169","0.993772622078927","11.1745"
"Alkefjellet","NOS.4182657","2018","1.00000000018554","0.986622558141691","18.0301"
"Alkefjellet","NOS.4182657","2019","0.999999999942702","0.987334608811011","27.0941"
"Alkefjellet","NOS.4182657","2020","0.999999999706233","0.99182222321522","14.1817"
"Alkefjellet","NOS.4182658","2016","1.00000000025466","0.996868223884744","21.8917"
"Alkefjellet","NOS.4182658","2017","1.00000000011278","0.994313787320451","20.7409"
"Alkefjellet","NOS.4182658","2018","0.99999999980264","0.990891541265883","23.4887"
"Alkefjellet","NOS.4182658","2019","1.0000000003065","0.988863016537609","29.1858"
"Alkefjellet","NOS.4182659","2016","0.999999999828106","0.994380781314605","24.3119"
"Alkefjellet","NOS.4182659","2018","0.999999999833562","0.988982857152835","25.161"
"Alkefjellet","NOS.4182659","2019","1.00000000004457","0.993662114929979","27.3059"
"Alkefjellet","NOS.4182661","2016","1.00000000014097","0.992902297504486","17.9881"
"Alkefjellet","NOS.4182661","2017","1.00000000020918","0.991371094206167","19.1835"
"Alkefjellet","NOS.4182661","2018","1.00000000003911","0.986850834369102","26.4984"
"Alkefjellet","NOS.4182661","2019","1.0000000001728","0.986186299263968","26.3786"
"Alkefjellet","NOS.4182661","2020","1.0000000001528","0.990849196678021","23.0071"
"Alkefjellet","NOS.4182662","2016","0.99999999960346","0.99317471268202","21.9793"
"Alkefjellet","NOS.4182662","2017","1.00000000013461","0.986795213299348","23.2742"
"Alkefjellet","NOS.4182663","2016","1.00000000006912","0.995370219175584","19.821"
"Alkefjellet","NOS.4182663","2017","1.00000000008276","0.999484634240083","26.4941"
"Alkefjellet","NOS.4182663","2018","1.0000000000291","0.995970037306314","26.5392"
"Alkefjellet","NOS.4182664","2016","0.999999999883585","0.991249825695586","21.7521"
"Alkefjellet","NOS.4182664","2017","0.999999999588908","0.986696888154707","26.873"
"Alkefjellet","NOS.4182664","2018","0.99999999994634","0.991331556620847","27.2786"
"Alkefjellet","NOS.4182664","2019","1.00000000029559","0.993382762081962","21.8429"
"Alkefjellet","NOS.4182664","2020","0.999999999926331","0.993270857305034","27.123"
"Alkefjellet","NOS.4182665","2016","1.00000000028922","0.993924593486304","26.406"
"Alkefjellet","NOS.4182665","2017","0.999999999781721","0.992897668471297","26.3218"
"Alkefjellet","NOS.4182667","2018","0.999999999921783","0.987738591733972","24.1995"
"Alkefjellet","NOS.4182667","2019","1.00000000002456","0.993320336827699","21.3483"
"Alkefjellet","NOS.4186205","2020","0.9999999998372","0.993162956544361","24.4431"
"Bjørnøya","NOS.4181262","2014","1.00000000028194","0.99104544745092","26.8805"
"Bjørnøya","NOS.4181262","2015","0.9999999998372","0.99104104476819","26.0588"
"Bjørnøya","NOS.4181268","2015","0.999999999818101","0.991296229493065","25.0361"
"Bjørnøya","NOS.4181271","2015","1.00000000023283","0.992250913601406","23.0102"
"Bjørnøya","NOS.4182521","2014","1.00000000020191","0.989355934953667","26.4993"
"Bjørnøya","NOS.4182523","2014","0.999999999719876","0.993508836806124","25.4725"
"Bjørnøya","NOS.4182523","2015","0.999999999836291","0.989086795081193","26.1547"
"Bjørnøya","NOS.4182523","2016","0.999999999360625","0.991154818528327","22.9711"
"Bjørnøya","NOS.4182525","2014","1.00000000011369","0.992779132153866","26.2288"
"Bjørnøya","NOS.4182526","2014","0.999999999890861","0.99086093517379","25.5174"
"Bjørnøya","NOS.4182526","2015","0.999999999954525","0.992658486093168","24.7754"
"Bjørnøya","NOS.4182526","2016","0.999999999839929","0.992260907153521","24.0603"
"Bjørnøya","NOS.4182528","2014","1.00000000016189","0.992253864378419","26.5283"
"Bjørnøya","NOS.4182528","2015","0.999999999877218","0.992089452081676","25.7611"
"Bjørnøya","NOS.4182528","2016","0.999999999950887","0.994646311987577","25.5804"
"Bjørnøya","NOS.4182531","2014","1.00000000022737","0.988968677033352","25.7916"
"Bjørnøya","NOS.4182531","2015","1.00000000022919","0.989436429502514","23.8095"
"Bjørnøya","NOS.4182531","2016","0.999999999814463","0.988103161811475","24.7327"
"Bjørnøya","NOS.4182533","2014","1.00000000020918","0.991693070737562","26.4008"
"Bjørnøya","NOS.4182533","2015","1.00000000032014","0.988869836709126","25.4472"
"Bjørnøya","NOS.4182533","2016","0.999999999948159","0.991740601878782","23.9904"
"Bjørnøya","NOS.4182533","2017","0.999999999967258","0.988947054948788","28.0536"
"Bjørnøya","NOS.4182533","2018","1.00000000001091","0.98905013609723","28.804"
"Bjørnøya","NOS.4182534","2014","0.999999999863576","0.991892373209371","24.3354"
"Bjørnøya","NOS.4182534","2015","0.999999999948159","0.992520872709219","24.1508"
"Bjørnøya","NOS.4182534","2016","1.00000000029195","0.99515537222965","22.5315"
"Bjørnøya","NOS.4182534","2018","1.00000000020464","0.993181525264695","23.1596"
"Bjørnøya","NOS.4182535","2014","1.00000000011732","0.990144009125258","27.7044"
"Bjørnøya","NOS.4182535","2015","0.999999999537067","0.991307708478119","26.6196"
"Bjørnøya","NOS.4182537","2014","0.999999999904503","0.990161968424934","27.9875"
"Bjørnøya","NOS.4182537","2015","0.999999999979082","0.992012404306471","25.9514"
"Bjørnøya","NOS.4182537","2016","0.999999999943611","0.990230317125837","24.7559"
"Bjørnøya","NOS.4182537","2017","0.999999999536158","0.993464671241587","25.7917"
"Bjørnøya","NOS.4182538","2014","0.999999999923602","0.990670917945765","27.5841"
"Bjørnøya","NOS.4182538","2015","0.999999999958163","0.993533564397205","22.8811"
"Bjørnøya","NOS.4182539","2014","0.99999999989177","0.992970534589475","25.0115"
"Bjørnøya","NOS.4182539","2015","1.00000000011732","0.993559004969719","21.2966"
"Bjørnøya","NOS.4182539","2016","1.00000000048112","0.994595607103731","17.2324"
"Bjørnøya","NOS.4182541","2014","1.0000000000764","0.99244983874958","26.3618"
"Bjørnøya","NOS.4182541","2015","0.999999999936335","0.989649153964608","27.0884"
"Bjørnøya","NOS.4182541","2016","0.999999999956344","0.99414873701478","25.3668"
"Bjørnøya","NOS.4182542","2014","1.00000000008822","0.993840229030692","25.3929"
"Bjørnøya","NOS.4182542","2015","1.00000000000091","0.990529763679091","26.0743"
"Bjørnøya","NOS.4182543","2014","1.00000000005275","0.992572328841643","27.3646"
"Bjørnøya","NOS.4182544","2014","1.00000000001728","0.994873922308257","24.4799"
"Bjørnøya","NOS.4182544","2015","1.00000000031287","0.992247421741811","22.4776"
"Bjørnøya","NOS.4182545","2014","0.99999999982083","0.993089770636027","25.8342"
"Bjørnøya","NOS.4182545","2015","0.999999999936335","0.995503519247913","24.5301"
"Bjørnøya","NOS.4182546","2014","1.00000000000182","0.990899894283809","25.0665"
"Bjørnøya","NOS.4182546","2015","1.00000000016371","0.991362544497482","21.5304"
"Bjørnøya","NOS.4182546","2016","1.00000000012551","0.990640851479525","24.1618"
"Bjørnøya","NOS.4182546","2017","0.999999999988177","0.993002511231751","22.7739"
"Bjørnøya","NOS.4182548","2014","1.00000000011005","0.991805382308609","26.1075"
"Bjørnøya","NOS.4182548","2015","0.999999999770807","0.992178815907168","24.9528"
"Bjørnøya","NOS.4182548","2016","0.999999999994543","0.98842805456408","26.3921"
"Bjørnøya","NOS.4182549","2014","1.00000000027921","0.989464319537118","26.9522"
"Bjørnøya","NOS.4182549","2015","0.999999999929059","0.991563808480448","26.2426"
"Bjørnøya","NOS.4182549","2016","0.99999999991087","0.990243165928127","26.711"
"Bjørnøya","NOS.4182549","2017","1.00000000009095","0.993208496135006","26.1845"
"Bjørnøya","NOS.4214401","2014","0.999999999961801","0.989724494242962","27.6665"
"Bjørnøya","NOS.4214401","2016","1.00000000011187","0.991678329919026","26.3328"
"Bjørnøya","NOS.4214403","2015","1.00000000016644","0.99453982704347","22.5864"
"Bjørnøya","NOS.4214403","2016","0.999999999925421","0.991645677482983","19.4957"
"Bjørnøya","NOS.4214403","2017","0.999999999696229","0.990247792878577","23.6665"
"Bjørnøya","NOS.4214405","2016","1.000000000201","0.990316114734473","27.2669"
"Bjørnøya","NOS.4214405","2017","1.00000000019099","0.993831985345008","26.0086"
"Bjørnøya","NOS.4214405","2018","1.00000000005548","0.989851632241135","25.6034"
"Bjørnøya","NOS.4214408","2015","1.0000000000382","0.994307825820591","25.8064"
"Bjørnøya","NOS.4214408","2016","1.00000000014916","0.992130562631743","26.7985"
"Bjørnøya","NOS.4214408","2017","1.00000000013915","0.992640069254197","26.6461"
"Bjørnøya","NOS.4214433","2016","0.99999999983811","0.990159144970849","25.8858"
"Bjørnøya","NOS.4214433","2017","1.00000000006821","0.990712008769785","24.3888"
"Bjørnøya","NOS.4214434","2016","0.999999999976353","0.993632610521454","26.0371"
"Bjørnøya","NOS.4214434","2017","1.00000000012187","0.992833564403032","25.4338"
"Bjørnøya","NOS.4214435","2016","1.00000000022465","0.991347222043017","25.9115"
"Bjørnøya","NOS.4214435","2017","0.999999999758984","0.99454093844786","22.9022"
"Bjørnøya","NOS.4214435","2018","1.00000000036925","0.992286913788848","25.2164"
"Bjørnøya","NOS.4282351","2017","0.999999999542524","0.993139941303904","23.1858"
"Bjørnøya","NOS.4282351","2018","1.00000000006548","0.990568208440263","23.5696"
"Bjørnøya","NOS.4282353","2017","1.00000000032833","0.993321493373094","26.3354"
"Bjørnøya","NOS.4282356","2017","1.00000000045566","0.99024908631209","24.6854"
"Bjørnøya","NOS.4282356","2018","0.999999999845386","0.989870702592598","24.0434"
"Bjørnøya","NOS.4282357","2017","1.00000000031469","0.990953255187625","23.9015"
"Bjørnøya","NOS.4282357","2018","0.999999999481588","0.990959573247404","21.2616"
"Bjørnøya","NOS.4282358","2017","0.999999999505235","0.992851752646467","27.0824"
"Bjørnøya","NOS.4282358","2018","0.99999999981992","0.992769993054275","25.1255"
"Bjørnøya","NOS.4282361","2017","1.0000000001246","0.990953289269587","25.3689"
"Bjørnøya","NOS.4282361","2018","1.00000000078671","0.987703167738003","27.7809"
"Bjørnøya","NOS.4282362","2017","0.999999999843567","0.987738217208692","27.3332"
"Bjørnøya","NOS.4282362","2018","1.00000000024284","0.991284897815638","27.3026"
"Bjørnøya","NOS.5109523","2014","0.999999999829924","0.99172586908584","25.6457"
"Combined","ISR.336161","2014","0.999999999854481","1.00360008916964","23.228"
"Combined","ISR.336161","2015","1.00000000016917","1.00034423823801","23.223"
"Combined","ISR.336161","2016","1.00000000000409","0.998572085353218","23.5128"
"Combined","ISR.336161","2017","0.99999999994543","1.00100904419302","23.518"
"Combined","ISR.336161","2018","1.00000000017189","0.999999089919548","23.7896"
"Combined","ISR.336161","2019","0.999999999944521","0.999647181303345","23.3142"
"Combined","ISR.336163","2014","1.00000000017644","1.00532453133807","24.2662"
"Combined","ISR.336163","2015","0.999999999818101","1.00002278216986","23.7006"
"Combined","ISR.336163","2016","1.0000000000191","0.997619189336607","23.9324"
"Combined","ISR.336163","2017","1.00000000007958","0.998563620512654","23.3976"
"Combined","ISR.336163","2018","0.99999999977581","1.00243164463685","23.338"
"Combined","ISR.336163","2019","0.999999999944066","1.00233184795288","23.473"
"Combined","ISR.336166","2015","1.00000000012869","0.998408449898352","23.5504"
"Combined","ISR.336166","2016","0.999999999821739","0.996884210953021","23.1777"
"Combined","ISR.336166","2017","0.999999999869942","0.996015726484379","23.3562"
"Combined","ISR.336166","2018","1.00000000008185","0.998531709837846","23.884"
"Combined","ISR.336166","2019","0.999999999864485","0.996660764703723","22.879"
"Combined","ISR.336167","2016","0.999999999797183","0.99395680867903","21.4763"
"Combined","ISR.336167","2017","0.999999999778083","0.991859245364721","25.2005"
"Combined","ISR.336176","2017","0.999999999988177","1.00008324739166","24.6994"
"Combined","ISR.336176","2018","1.00000000009823","0.995438360556535","22.3703"
"Combined","ISR.336176","2019","0.999999999859938","1.0012052635404","23.6702"
"Combined","ISR.336179","2017","1.00000000043383","1.00176119324739","23.1638"
"Combined","ISR.339217","2014","0.999999999972715","1.00222156705072","23.5132"
"Combined","ISR.339217","2015","0.99999999995407","1.00276378063176","23.7778"
"Combined","ISR.339217","2016","0.999999999821284","1.0002092983757","23.2516"
"Combined","ISR.339217","2017","1.00000000008527","0.99880433985326","22.7327"
"Combined","ISR.339217","2018","0.999999999566171","1.00541933682196","24.6937"
"Combined","ISR.339220","2016","1.00000000011778","1.00070493439868","23.9483"
"Combined","ISR.339222","2014","1.00000000018008","1.00058277420302","25.884"
"Combined","ISR.339222","2015","0.999999999902457","0.998470970125901","24.4755"
"Combined","ISR.339223","2014","1.0000000000091","1.00015573172231","23.3877"
"Combined","ISR.339223","2015","0.999999999896772","0.998505156200477","23.508"
"Combined","ISR.339223","2016","0.999999999724878","0.997571358678578","21.7944"
"Combined","ISR.339226","2014","1.00000000006185","0.995599857849116","25.3399"
"Combined","ISR.339226","2015","0.999999999969532","0.997781137730229","24.974"
"Combined","ISR.339226","2016","1.00000000001046","0.997232139099917","24.3149"
"Combined","ISR.339227","2014","0.999999999921783","1.00262601263785","24.2927"
"Combined","ISR.339227","2015","0.999999999865395","0.995686352057719","23.4984"
"Combined","ISR.339227","2016","1.00000000019918","1.00121103439953","22.7557"
"Combined","ISR.339227","2017","0.999999999957254","1.00194157456292","23.2681"
"Combined","ISR.339227","2018","0.999999999919964","0.998814772515214","24.3839"
"Combined","ISR.339227","2019","1.00000000033469","0.999943702873915","23.9682"
"Combined","ISR.339229","2014","0.999999999979991","1.00330081356895","24.0235"
"Combined","ISR.339229","2015","0.999999999390184","0.998535265823428","24.4995"
"Combined","ISR.339229","2016","0.999999999983174","0.99784086272568","23.3905"
"Combined","ISR.339229","2017","1.00000000003047","0.996115976282783","24.6371"
"Combined","ISR.339229","2018","0.999999999885404","0.998630439491987","23.7624"
"Combined","ISR.339229","2019","1.00000000031605","0.995809669504379","24.6953"
"Combined","ISR.339230","2014","1.00000000000182","0.997985073737562","25.7989"
"Combined","ISR.339231","2015","1.00000000001819","0.99940876303249","22.6273"
"Combined","ISR.339231","2016","0.99999999989177","0.99454121434799","24.9241"
"Combined","ISR.339231","2017","0.999999999939973","0.994685066372279","24.7619"
"Combined","ISR.339231","2018","1.00000000011914","0.99545606066185","24.4831"
"Combined","ISR.339231","2019","1.00000000010277","1.00332561959423","25.227"
"Combined","ISR.339233","2015","0.999999999974989","0.998395932967343","24.0632"
"Combined","ISR.339233","2016","0.999999999738066","0.99675196771082","23.5399"
"Combined","ISR.339233","2017","0.999999999939746","0.997593894107986","23.6205"
"Combined","ISR.339233","2018","0.999999999914735","0.997843735352758","23.5241"
"Combined","ISR.339234","2015","1.00000000006003","0.998727837631886","24.6303"
"Combined","ISR.339234","2016","1.00000000012369","0.997607605697665","24.161"
"Combined","ISR.339234","2017","0.999999999782631","0.997000310755717","23.796"
"Combined","ISR.339234","2018","1.0000000000191","1.00028001075379","24.3517"
"Combined","ISR.339234","2019","1.00000000010732","0.999034415620801","24.5528"
"Combined","ISR.339234","2020","1.00000000000409","0.998548016802532","24.6989"
"Combined","ISR.339235","2015","0.999999999948614","0.996173447460489","23.4128"
"Combined","ISR.339235","2016","0.999999999951342","0.997697456100847","23.7917"
"Combined","ISR.339235","2017","1.00000000003547","0.995234132061245","22.9168"
"Combined","ISR.339235","2018","0.999999999857209","0.995502374264896","25.011"
"Combined","ISR.339235","2019","0.99999999973079","0.996207270557082","22.8282"
"Combined","ISR.339237","2016","1.00000000015962","0.997000035792421","23.6342"
"Combined","ISR.339238","2016","1.00000000010232","0.996525788223401","24.2424"
"Combined","ISR.339238","2017","0.999999999953161","0.998642120381048","24.3583"
"Combined","ISR.339238","2018","0.999999999989541","0.999929870065083","23.7589"
"Combined","ISR.339238","2019","0.999999999861302","1.00129546677562","23.6911"
"Combined","ISR.339239","2016","0.999999999854481","0.99629628909594","26.257"
"Combined","ISR.339240","2016","0.999999999750798","0.995427914879986","25.5224"
"Combined","ISR.339240","2017","0.999999999955662","0.996100127944028","25.0198"
"Combined","ISR.339240","2018","0.999999999939519","0.996981746166892","25.3252"
"Combined","ISR.339240","2019","0.999999999899956","0.994550351165913","25.4207"
"Combined","ISR.339240","2020","0.999999999827651","0.995178989784906","25.135"
"Combined","ISR.339242","2016","1.00000000027921","0.998222607412423","23.2533"
"Combined","ISR.339243","2016","1.00000000040109","0.99645648966516","24.5785"
"Combined","ISR.339244","2016","0.999999999831743","0.996971834010853","25.0905"
"Combined","ISR.339245","2016","0.999999999718966","1.00227599315889","24.8288"
"Combined","ISR.339245","2017","1.00000000012687","0.996798435234101","23.8454"
"Combined","ISR.339246","2016","1.00000000017599","0.997938541901872","23.802"
"Combined","ISR.339246","2017","0.999999999900865","0.997424734357934","24.1746"
"Combined","ISR.339246","2018","0.999999999921783","0.997301689342268","25.3382"
"Combined","ISR.339248","2017","0.999999999915417","0.999403593435384","23.1752"
"Combined","ISR.339248","2018","0.999999999873125","0.997832056192046","23.782"
"Combined","ISR.340703","2014","0.999999999968168","0.999773078199166","24.7221"
"Combined","ISR.340703","2015","1.00000000009231","1.00104498045476","25.1862"
"Combined","ISR.340703","2016","1.00000000019827","1.00112293652131","24.8163"
"Combined","ISR.340703","2017","0.999999999751253","0.997994013887429","25.4796"
"Combined","ISR.340703","2019","0.99999999994543","0.997963323041946","24.2123"
"Combined","ISR.340703","2020","1.00000000020009","0.99815689911626","24.681"
"Combined","ISR.340709","2015","1.00000000013779","0.995189728442656","23.1493"
"Combined","ISR.340709","2016","1.0000000002326","0.995495086836164","20.7292"
"Combined","ISR.340709","2017","1.00000000016735","0.996478740847034","22.0809"
"Combined","ISR.340719","2014","1.00000000006321","0.999721112141795","24.4507"
"Combined","ISR.340719","2015","0.999999999826287","0.994834898585474","24.261"
"Combined","ISR.340719","2016","1.00000000028876","0.99623728474901","23.0636"
"Combined","ISR.340719","2017","1.00000000005411","0.996920087428727","24.1122"
"Combined","ISR.340719","2018","1.00000000020668","0.999137707341053","25.1628"
"Combined","ISR.340719","2019","0.999999999890861","0.999171959306222","24.409"
"Combined","ISR.340721","2015","0.999999999805823","0.997096911315059","23.5046"
"Combined","ISR.340721","2016","1.00000000019418","0.99822392529991","23.3917"
"Combined","ISR.340721","2017","0.999999999865395","0.998335167844889","22.8175"
"Combined","ISR.340721","2020","0.999999999863576","0.997073556237507","23.1017"
"Combined","ISR.340732","2014","1.00000000010641","1.00368394988714","23.5755"
"Combined","ISR.340732","2015","1.00000000003251","1.00095522455398","25.0226"
"Combined","ISR.340732","2016","1.00000000055934","0.995482301206447","23.9962"
"Combined","ISR.340732","2017","1.00000000015143","1.00144263372547","22.795"
"Combined","ISR.340732","2019","0.999999999989086","1.00004807407939","23.8655"
"Combined","ISR.340758","2014","1.00000000021328","1.00172182349493","23.8807"
"Combined","ISR.340758","2015","0.999999999947704","1.00108107349854","23.8465"
"Combined","ISR.340758","2016","1.00000000014006","0.996653281355541","23.155"
"Combined","ISR.340758","2017","1.00000000001592","1.00021034955369","23.5159"
"Combined","ISR.340758","2018","1.00000000011914","0.9984981372154","23.8289"
"Combined","ISR.340758","2019","0.999999999984084","0.99532807783898","23.2192"
"Combined","ISR.340758","2020","0.999999999844022","0.999263114611617","23.899"
"Combined","ISR.340760","2014","0.999999999915417","0.999754499919572","23.0363"
"Combined","ISR.340760","2015","0.999999999816282","0.996325629943436","22.9921"
"Combined","ISR.340760","2017","0.999999999596639","0.998802497202958","23.5416"
"Combined","ISR.340761","2014","1.00000000006094","0.990371982626404","19.645"
"Combined","ISR.340761","2015","1.00000000023738","0.986923791006143","18.301"
"Combined","ISR.340761","2016","0.999999999957254","0.990185946361769","19.694"
"Combined","ISR.340761","2017","1.00000000020646","0.991078719194991","19.5916"
"Combined","ISR.340770","2014","0.999999999958163","1.0038659058956","23.7839"
"Combined","ISR.340770","2015","0.999999999899956","1.00204060962585","23.5964"
"Combined","ISR.340770","2016","0.999999999718057","1.00028860675524","23.4735"
"Combined","ISR.340772","2017","0.999999999944066","1.00046100182935","22.735"
"Combined","ISR.340772","2018","0.999999999824922","0.99812746757713","22.8848"
"Combined","ISR.340772","2019","1.00000000006366","0.996213503114432","23.0847"
"Combined","ISR.340790","2014","0.999999999978627","0.999600955604594","23.4462"
"Combined","ISR.340790","2015","0.999999999978172","0.9993398679648","23.9083"
"Combined","ISR.340790","2016","1.00000000006685","0.998805955378291","23.2626"
"Combined","ISR.340790","2017","0.999999999893134","0.996577764048262","22.726"
"Combined","ISR.340790","2018","0.999999999671672","0.996406896399612","23.6556"
"Combined","ISR.340790","2019","0.999999999822194","0.99626331826486","23.2703"
"Combined","ISR.340800","2014","0.999999999902229","0.999206752118648","24.0414"
"Combined","ISR.340800","2015","1.00000000014029","0.999627634961056","23.8216"
"Combined","ISR.340800","2016","0.999999999913143","0.995992873194162","22.6892"
"Combined","ISR.340800","2017","1.00000000007503","0.996927558004405","24.9485"
"Combined","ISR.340800","2018","1.00000000002342","0.997444578430831","25.2227"
"Combined","ISR.341696","2014","0.999999999710326","0.993787194388559","23.0887"
"Combined","ISR.341696","2015","0.999999999634383","0.993075757744321","24.8584"
"Combined","ISR.341696","2016","1.00000000013233","0.993522864239489","22.6627"
"Combined","ISR.341696","2017","0.999999999893589","0.995361901690342","25.3203"
"Combined","ISR.341697","2017","0.999999999859938","0.99448519370911","22.7779"
"Combined","ISR.341697","2018","0.999999999983174","0.996459846871837","23.1645"
"Combined","ISR.341697","2019","0.999999999898137","0.996561405652878","23.0586"
"Combined","ISR.341698","2017","1.0000000001528","0.996505168319405","24.3955"
"Combined","ISR.341701","2014","1.00000000005639","0.997830635411908","23.215"
"Combined","ISR.341701","2015","1.00000000005639","0.995993795039608","21.8118"
"Combined","ISR.341701","2016","1.00000000015871","0.993217807198675","20.6388"
"Combined","ISR.341701","2017","1.00000000028876","0.994498544963473","23.8068"
"Combined","ISR.341701","2018","0.999999999600277","0.996279290680751","22.4011"
"Combined","ISR.341703","2015","1.00000000035334","0.997682767667907","25.2962"
"Combined","ISR.341703","2016","1.00000000005502","0.99514999899855","21.5874"
"Combined","ISR.341703","2017","1.00000000010277","0.997583843641536","22.2365"
"Combined","ISR.341703","2018","0.99999999984334","0.99974082360893","24.9569"
"Combined","ISR.341703","2019","1.00000000024647","0.997529624189989","24.5915"
"Combined","ISR.341704","2017","1.0000000000091","0.997340176733408","23.8695"
"Combined","ISR.341712","2018","1.00000000023329","1.00084525082769","24.4369"
"Combined","ISR.341712","2019","0.999999999729425","0.997734787205826","24.3095"
"Combined","ISR.341712","2020","1.00000000006094","0.998595044604719","24.6345"
"Combined","ISR.350701","2017","1.00000000015552","0.995799988721128","23.4949"
"Combined","ISR.350703","2018","0.999999999806278","0.998442701720277","24.4244"
"Combined","ISR.350704","2018","1.00000000012869","0.99696209401592","22.7979"
"Combined","ISR.350706","2018","1.00000000009959","0.996501480593319","22.4496"
"Combined","ISR.350708","2018","1.00000000000409","1.00105465994613","23.9163"
"Combined","ISR.350708","2019","0.999999999654847","0.999760714657278","23.7217"
"Combined","ISR.350708","2020","1.0000000000241","0.992260259820654","20.6465"
"Combined","ISR.350710","2018","1.00000000000227","0.994564901362141","22.4121"
"Combined","ISR.350711","2018","1.00000000041041","1.00043439116355","24.382"
"Combined","ISR.350713","2020","1.00000000001774","0.998405267644027","23.3269"
"Combined","ISR.350720","2020","0.999999999862212","1.00020272062481","23.583"
"Combined","ISR.350725","2020","0.999999999786269","0.995593901089068","24.6422"
"Eynhallow","GBT.FA82356","2008","0.999999999808097","0.989859533458492","27.9609"
"Eynhallow","GBT.FA82356","2009","1.00000000034288","1.00527069410885","27.4138"
"Eynhallow","GBT.FA82356","2010","0.999999999816282","1.00481980353418","26.929"
"Eynhallow","GBT.FC14562","2014","0.999999999744205","0.995945866382053","25.5911"
"Eynhallow","GBT.FC14562","2015","0.999999999925421","0.997155681004662","26.9078"
"Eynhallow","GBT.FC14562","2016","0.999999999847205","0.99405556177218","23.5599"
"Eynhallow","GBT.FC14562","2017","1.00000000031287","1.00313596922403","27.4551"
"Eynhallow","GBT.FC14562","2018","1.00000000009277","1.00581105194662","27.4631"
"Eynhallow","GBT.FC14766","2006","1.00000000032287","1.00442530811743","26.9775"
"Eynhallow","GBT.FC14766","2007","0.999999999867214","1.00312484298717","27.3724"
"Eynhallow","GBT.FC14766","2008","1.00000000038835","1.01156459886123","27.1169"
"Eynhallow","GBT.FC14766","2009","0.999999999857209","1.00900709142283","27.2192"
"Eynhallow","GBT.FC14766","2010","0.999999999777174","1.00444998547801","27.0661"
"Eynhallow","GBT.FC14766","2011","1.00000000005002","1.00453109410232","26.9712"
"Eynhallow","GBT.FC14766","2015","0.999999999744432","1.01455355204974","27.0424"
"Eynhallow","GBT.FC14766","2016","1.00000000006548","1.00364232228066","27.2909"
"Eynhallow","GBT.FC14836","2008","1.00000000035971","1.00843536520145","27.0319"
"Eynhallow","GBT.FC14836","2010","1.00000000024193","1.00595238543932","27.1222"
"Eynhallow","GBT.FC14839","2008","0.999999999809006","1.0037415466725","27.8215"
"Eynhallow","GBT.FC14839","2009","0.999999999919055","1.00657294836578","26.9616"
"Eynhallow","GBT.FC14839","2010","0.999999999689862","1.00319991933865","27.6253"
"Eynhallow","GBT.FC28752","2015","1.00000000009277","1.00580232067552","27.5563"
"Eynhallow","GBT.FC28752","2018","1.0000000000573","1.0105958737","28.0184"
"Eynhallow","GBT.FC28752","2019","1.00000000006321","1.00115744535554","27.6439"
"Eynhallow","GBT.FC28752","2020","1.00000000004275","1.00892813737304","27.3644"
"Eynhallow","GBT.FC28841","2009","1.00000000002183","1.00490920062054","26.9482"
"Eynhallow","GBT.FC28841","2010","0.999999999846295","1.00490783376159","27.0912"
"Eynhallow","GBT.FC28841","2011","0.999999999942702","0.996800296555027","27.3548"
"Eynhallow","GBT.FC28841","2015","0.999999999951797","1.00757779265674","27.4285"
"Eynhallow","GBT.FC28975","2009","1.00000000004457","1.00088071777018","26.5595"
"Eynhallow","GBT.FC28975","2010","0.999999999959073","1.00108550569227","26.2869"
"Eynhallow","GBT.FC28999","2008","0.999999999932697","1.00010489997672","27.4075"
"Eynhallow","GBT.FC28999","2009","1.0000000000382","1.00520470486821","26.5785"
"Eynhallow","GBT.FC28999","2010","1.00000000011005","1.00588933248509","26.8786"
"Eynhallow","GBT.FC28999","2014","1.00000000005457","1.00548922769131","27.1408"
"Eynhallow","GBT.FC28999","2015","1.00000000013824","1.0138377352129","27.1858"
"Eynhallow","GBT.FC71061","2010","1.0000000000573","1.00305595313646","26.1443"
"Eynhallow","GBT.FC71061","2011","0.999999999754891","0.997142061416261","27.0477"
"Eynhallow","GBT.FC71061","2012","1.00000000041109","1.00400034772709","26.5838"
"Eynhallow","GBT.FC71061","2017","1.00000000009209","0.999071582551556","26.6957"
"Eynhallow","GBT.FC88717","2016","1.00000000010641","0.997236541624737","26.8543"
"Eynhallow","GBT.FC88748","2016","1.00000000012324","0.998753593527029","26.4569"
"Eynhallow","GBT.FC88748","2017","0.999999999710099","1.00393358570648","25.5772"
"Eynhallow","GBT.FH89003","2018","1.00000000020282","1.01163727507113","27.0319"
"Eynhallow","GBT.FH89003","2019","0.999999999739885","1.01053192008911","26.9645"
"Eynhallow","GBT.FH89003","2020","1.00000000017008","1.01043098836379","27.4751"
"Eynhallow","GBT.FH89004","2015","0.999999999982265","1.00498614665564","26.1398"
"Eynhallow","GBT.FH89004","2017","0.999999999806278","1.00073192020099","25.4415"
"Eynhallow","GBT.FH89004","2018","0.999999999871761","1.00309994403821","25.571"
"Eynhallow","GBT.FH89005","2019","1.00000000008822","1.00480365147791","27.375"
"Eynhallow","GBT.FH89005","2020","1.00000000029286","1.0054162113389","27.5879"
"Eynhallow","GBT.FH89008","2014","0.9999999998563","1.00427607471129","26.1217"
"Eynhallow","GBT.FH89013","2014","1.00000000025284","1.00698350768159","27.057"
"Eynhallow","GBT.FH89013","2015","1.00000000010004","1.01300086953902","27.2435"
"Eynhallow","GBT.FH89014","2017","1.00000000027876","1.00551247552255","26.7545"
"Eynhallow","GBT.FH89016","2014","1.0000000003447","1.00292108219989","26.4988"
"Eynhallow","GBT.FH89016","2019","0.999999999829924","1.00583384176496","26.6344"
"Eynhallow","GBT.FH89016","2020","1.00000000004093","1.01240922468585","26.9797"
"Eynhallow","GBT.FH89017","2014","1.00000000035743","0.997783996169402","27.3799"
"Eynhallow","GBT.FH89018","2014","0.999999999655302","1.0103065432889","27.4313"
"Eynhallow","GBT.FH89020","2014","1.00000000005321","1.00055632332385","25.8658"
"Eynhallow","GBT.FH89020","2015","0.999999999994998","1.00322538095822","25.9086"
"Eynhallow","GBT.FH89020","2016","1.00000000021191","0.995256200446303","25.2809"
"Eynhallow","GBT.FH89020","2017","0.999999999743977","1.00336206920511","26.0491"
"Eynhallow","GBT.FH89020","2018","1.00000000019372","1.0016996274233","25.3351"
"Eynhallow","GBT.FH89020","2019","1.00000000017917","1.00162948768436","25.2915"
"Eynhallow","GBT.FH89020","2020","0.999999999996817","1.00729592572343","26.4264"
"Eynhallow","GBT.FH89021","2014","1.00000000016189","0.99828461171633","25.5037"
"Eynhallow","GBT.FH89021","2015","0.999999999882903","1.00059802079276","26.1834"
"Eynhallow","GBT.FH89021","2016","1.00000000027376","0.986104005125913","6.6142"
"Eynhallow","GBT.FH89023","2015","1.00000000005002","0.99218185004355","27.604"
"Eynhallow","GBT.FH89023","2017","0.999999999752617","0.999276524450865","27.8754"
"Eynhallow","GBT.FH89023","2018","0.999999999634383","1.00052835519151","28.3062"
"Eynhallow","GBT.FH89023","2019","1.00000000003456","0.995494789979122","28.6092"
"Eynhallow","GBT.FH89023","2020","0.999999999525244","1.00118546425292","27.8622"
"Eynhallow","GBT.FH89025","2015","1.00000000003365","1.010345153467","27.2416"
"Eynhallow","GBT.FH89025","2016","1.00000000014506","0.994959785819322","26.1869"
"Eynhallow","GBT.FH89025","2017","1.00000000049977","1.01051072352098","27.2934"
"Eynhallow","GBT.FH89027","2015","0.999999999497049","1.01004749321594","27.8637"
"Eynhallow","GBT.FH89031","2015","1.00000000022783","1.01124114644323","26.8908"
"Eynhallow","GBT.FH89031","2016","1.00000000012915","0.997688158269118","26.6205"
"Eynhallow","GBT.FH89031","2017","1.00000000021828","1.01371107531542","26.7962"
"Eynhallow","GBT.FH89034","2016","1.00000000035197","0.99673969832127","26.3311"
"Eynhallow","GBT.FH89034","2017","0.999999999882675","0.999058164501581","26.6105"
"Eynhallow","GBT.FH89034","2018","0.999999999841293","1.00441322963955","27.5202"
"Eynhallow","GBT.FH89036","2016","1.00000000022101","0.997376997975106","26.8907"
"Eynhallow","GBT.FH89036","2017","1.00000000019099","1.01331873862677","27.2569"
"Eynhallow","GBT.FH89043","2017","1.00000000018781","1.00926813832542","27.5153"
"Eynhallow","GBT.FH89043","2019","1.00000000033469","1.01050452381166","27.005"
"Eynhallow","GBT.FH89085","2017","1.00000000020918","1.01287745901592","27.8272"
"Eynhallow","GBT.FH89086","2017","1.0000000001196","1.00338928746815","27.6003"
"Eynhallow","GBT.FH89086","2018","1.00000000009868","1.00213275784489","27.2629"
"Eynhallow","GBT.FH89086","2019","1.00000000017189","1.0016410074992","26.2891"
"Eynhallow","GBT.FH89086","2020","0.999999999974534","0.997379238988052","26.639"
"Eynhallow","GBT.FH89088","2018","0.999999999915417","1.00584014273298","26.974"
"Eynhallow","GBT.FH89089","2018","1.00000000034879","1.00972305270802","27.0119"
"Eynhallow","GBT.FH89089","2019","1.00000000013642","1.01049845327685","27.0103"
"Eynhallow","GBT.FH89089","2020","0.999999999605734","1.01560011912476","27.0529"
"Eynhallow","GBT.FH89090","2017","1.00000000002319","1.00978492328405","27.517"
"Eynhallow","GBT.FH89091","2018","1.00000000003183","1.00877282065924","26.9171"
"Eynhallow","GBT.FH89093","2007","1.00000000034561","1.00718952223224","26.386"
"Eynhallow","GBT.FH89093","2017","0.999999999505235","1.00484189275853","27.8211"
"Eynhallow","GBT.FH89093","2018","1.00000000002183","1.01297376974419","27.8976"
"Eynhallow","GBT.FH89093","2019","0.999999999600732","1.00562594613533","28.2831"
"Eynhallow","GBT.FH89093","2020","1.00000000019827","1.00457783064864","28.1916"
"Eynhallow","GBT.FH89095","2017","1.00000000049022","1.00885674890841","27.1755"
"Eynhallow","GBT.FH89096","2017","1.00000000009413","0.999944466993282","27.2479"
"Eynhallow","GBT.FH89099","2018","0.999999999799911","1.01164578990898","27.2786"
"Eynhallow","GBT.FH89099","2019","0.999999999843567","1.00829813019132","27.2505"
"Eynhallow","GBT.FH89102","2018","0.999999999829924","1.00942514380737","27.7338"
"Eynhallow","GBT.FH89102","2019","0.999999999556167","1.00777817157832","27.6275"
"Eynhallow","GBT.FH89102","2020","0.999999999934516","1.00921522874517","27.9677"
"Eynhallow","GBT.FH89108","2018","1.00000000002638","1.00004709053057","26.2642"
"Eynhallow","GBT.FH89108","2019","0.99999999955935","0.995267746404897","24.221"
"Eynhallow","GBT.FP05006","2014","1.00000000003411","1.00015013544694","25.5647"
"Eynhallow","GBT.FP05006","2015","0.999999999976353","1.00570892098951","25.9441"
"Eynhallow","GBT.FP05013","2007","1.00000000001523","0.999630817043278","25.3802"
"Eynhallow","GBT.FP05013","2015","1.00000000016757","0.997359540767475","26.5639"
"Eynhallow","GBT.FP05013","2016","0.9999999997126","0.996204467703203","26.4199"
"Eynhallow","GBT.FP05013","2017","1.00000000012074","0.997839108746927","25.7577"
"Eynhallow","GBT.FP05030","2009","1.00000000013642","1.00405731057049","27.3213"
"Eynhallow","GBT.FP05030","2010","0.999999999806278","1.0097944930812","27.6322"
"Eynhallow","GBT.FP05078","2010","1.00000000020736","1.0117932459398","27.6894"
"Eynhallow","GBT.FP05078","2017","1.00000000035379","1.00853074954725","28.128"
"Eynhallow","GBT.FP05082","2008","1.00000000030468","0.994763184756726","23.4332"
"Eynhallow","GBT.FP05091","2017","0.999999999941338","0.999019611692585","25.411"
"Eynhallow","GBT.FP05091","2018","0.999999999791726","1.00627923840996","25.8482"
"Eynhallow","GBT.FP05091","2019","1.00000000036721","1.00197804700394","25.0617"
"Eynhallow","GBT.FP05091","2020","0.999999999932697","1.00472404985115","25.8559"
"Eynhallow","GBT.FP05130","2019","0.999999999955435","1.00021384952258","24"
"Eynhallow","GBT.FP05132","2014","0.999999999875854","1.00539961890747","26.4229"
"Eynhallow","GBT.FP05134","2016","0.999999999534339","0.998993863522703","26.939"
"Eynhallow","GBT.FP05134","2017","1.00000000049977","1.00642290913721","27.2229"
"Eynhallow","GBT.FP05134","2018","0.999999999673946","1.00601293578666","26.5209"
"Eynhallow","GBT.FP05135","2016","0.999999999661668","0.997526902630706","25.2407"
"Eynhallow","GBT.FP05135","2017","1.00000000024556","1.00355805656752","25.1945"
"Eynhallow","GBT.FP05150","2014","0.999999999925876","1.00733388232274","26.751"
"Eynhallow","GBT.FP05183","2016","0.999999999952706","0.995912741004283","25.7559"
"Eynhallow","GBT.FP05183","2017","0.999999999823103","1.00262686801464","26.3478"
"Eynhallow","GBT.FP05183","2018","0.999999999941338","1.00195556889949","25.9382"
"Eynhallow","GBT.FP05183","2019","0.999999999672355","1.00197584953729","25.872"
"Eynhallow","GBT.FP05183","2020","1.00000000025648","1.00140643167076","26.6798"
"Eynhallow","GBT.FP05192","2010","1.00000000014188","1.00165680389932","27.2879"
"Eynhallow","GBT.FP05192","2014","0.999999999366992","0.997084827323535","27.0351"
"Eynhallow","GBT.FP05203","2010","0.999999999887677","1.00201094822914","25.8853"
"Eynhallow","GBT.FP05203","2011","0.99999999992724","1.00186381844588","25.7394"
"Eynhallow","GBT.FP05205","2014","1.00000000038472","1.00393415740575","27.3765"
"Eynhallow","GBT.FP05208","2009","1.00000000006457","1.01011845497665","26.9973"
"Eynhallow","GBT.FP05208","2010","1.0000000001919","1.00503602151913","27.4276"
"Eynhallow","GBT.FP05214","2017","1.00000000006003","1.01302655644714","26.596"
"Eynhallow","GBT.FP05214","2019","0.999999999923602","1.00712841358078","27.2251"
"Eynhallow","GBT.FP05214","2020","1.0000000001337","1.01200527168592","27.4446"
"Eynhallow","GBT.FP05222","2010","1.00000000034606","1.00274943179529","27.3357"
"Eynhallow","GBT.FP05224","2011","1.00000000016007","1.00536130314282","27.935"
"Eynhallow","GBT.FP05229","2009","1.00000000006821","1.01300618027503","27.9675"
"Eynhallow","GBT.FP05231","2009","1.00000000043565","1.00764273500683","27.3946"
"Eynhallow","GBT.FP05238","2010","0.999999999824013","0.999082395708645","25.1022"
"Eynhallow","GBT.FP05238","2011","0.999999999849024","0.998245328297723","26.8396"
"Eynhallow","GBT.FP05238","2012","1.00000000002501","1.00022853168372","24.8836"
"Eynhallow","GBT.FP05238","2017","0.999999999922693","1.00644189526525","27.3895"
"Eynhallow","GBT.FP05238","2018","1.00000000034743","1.0010931411871","26.1489"
"Eynhallow","GBT.FP05238","2019","0.999999999983629","1.00368689262864","26.3345"
"Eynhallow","GBT.FP05238","2020","0.999999999897227","1.00255220111227","26.6774"
"Eynhallow","GBT.FP05438","2007","0.999999999904958","0.995635933391836","24.5056"
"Eynhallow","GBT.FP05438","2008","1.00000000012187","0.996503987033566","23.6901"
"Eynhallow","GBT.FP05438","2010","0.999999999870852","1.00087031877129","24.262"
"Eynhallow","GBT.FP96010","2010","0.999999999991815","1.01021958770626","27.5892"
"Eynhallow","GBT.FP96010","2011","0.999999999674856","1.00668978022729","27.2731"
"Eynhallow","GBT.FP96018","2008","1.00000000003297","1.00226231313742","26.8211"
"Eynhallow","GBT.FP96018","2009","0.999999999993179","1.00514133345193","26.6779"
"Eynhallow","GBT.FP96027","2010","1.00000000012619","0.994866540054437","25.2164"
"Eynhallow","GBT.FP96037","2008","0.999999999988177","0.998386871196834","24.9226"
"Eynhallow","GBT.FP96037","2010","0.999999999967713","0.99821999261542","24.808"
"Eynhallow","GBT.FP96037","2011","1.00000000012824","0.995064451676336","27.0487"
"Eynhallow","GBT.FP96037","2017","0.999999999934516","0.998153996643547","25.8386"
"Eynhallow","GBT.FP96044","2008","1.00000000008367","1.00770021694236","27.7078"
"Eynhallow","GBT.FP96044","2009","0.999999999968168","1.00140131578139","27.8592"
"Eynhallow","GBT.FP96045","2008","1.00000000029945","1.00188672010393","26.3201"
"Eynhallow","GBT.FP96054","2014","1.00000000020646","0.999826386369579","24.6608"
"Eynhallow","GBT.FP96054","2015","1.00000000006048","1.00510718724104","25.2907"
"Eynhallow","GBT.FP96054","2016","1.00000000007026","0.995884660763766","23.854"
"Eynhallow","GBT.FP96054","2017","0.999999999893134","0.995311417789498","25.5348"
"Eynhallow","GBT.FP96054","2018","1.00000000008231","1.00282994098278","24.9682"
"Eynhallow","GBT.FP96054","2019","0.999999999953843","1.00692352545801","26.0766"
"Eynhallow","GBT.FP96054","2020","1.00000000010118","1.01235469363059","25.8751"
"Eynhallow","GBT.FP96057","2007","0.999999999849933","1.00037958431884","27.7112"
"Eynhallow","GBT.FP96064","2016","0.999999999760803","0.996708619382554","26.0902"
"Eynhallow","GBT.FP96075","2007","0.999999999901092","1.00108192454214","26.2858"
"Eynhallow","GBT.FP96075","2008","1.00000000012801","0.999014708006779","25.7337"
"Eynhallow","GBT.FP96076","2007","1.00000000021009","0.996639014103436","28.7234"
"Eynhallow","GBT.FP96076","2010","0.999999999932697","0.995517341177751","28.2358"
"Eynhallow","GBT.FP96077","2006","0.999999999821739","1.00438398873515","27.4908"
"Eynhallow","GBT.FP96078","2006","0.999999999796728","1.00034380775426","27.6801"
"Eynhallow","GBT.FP96123","2015","0.999999999935426","1.01134224099717","27.0498"
"Eynhallow","GBT.FP96129","2009","1.00000000001091","1.0081952769755","27.267"
"Eynhallow","GBT.FP96129","2010","1.0000000002774","1.00466293485293","27.2945"
"Eynhallow","GBT.FP96129","2011","0.99999999976626","1.0054411862367","27.5704"
"Eynhallow","GBT.FP96129","2012","0.999999999847205","1.02151494247801","27.5038"
"Eynhallow","GBT.FP96139","2010","1.00000000005866","0.994157907271909","27.9532"
"Eynhallow","GBT.FP96139","2011","0.999999999849479","0.994208148739078","26.2571"
"Eynhallow","GBT.FP96139","2012","1.00000000020555","1.00318893713668","27.7032"
"Eynhallow","GBT.FP96147","2016","0.99999999999909","0.994744496295349","22.3862"
"Eynhallow","GBT.FP96147","2017","1.00000000010004","1.00726525489114","27.6218"
"Eynhallow","GBT.FP96151","2008","0.999999999740339","1.00547288007424","26.3211"
"Eynhallow","GBT.FP96151","2014","0.999999999830834","0.993064802838559","28.0111"
"Eynhallow","GBT.FP96151","2015","0.999999999826741","0.99966120203518","26.5977"
"Eynhallow","GBT.FP96151","2016","1.00000000006139","0.996549147468034","27.3391"
"Eynhallow","GBT.FP96151","2017","0.999999999938154","0.991836208438116","27.3959"
"Eynhallow","GBT.FP96152","2010","1.00000000004684","1.00006985323871","26.2686"
"Eynhallow","GBT.FP96152","2011","0.999999999948614","0.999273013679487","25.6635"
"Eynhallow","GBT.FP96155","2008","0.999999999755346","1.00421553714626","26.0821"
"Eynhallow","GBT.FP96155","2010","0.999999999845386","1.00341560318222","26.2665"
"Eynhallow","GBT.FP96155","2011","0.999999999897227","0.998816257998758","27.2314"
"Eynhallow","GBT.FP96156","2008","0.99999999981992","1.00987433721542","27.927"
"Eynhallow","GBT.FP96157","2008","1.00000000016553","0.993726682016564","29.6097"
"Eynhallow","GBT.FP96157","2010","0.999999999853571","1.00250541764534","27.4672"
"Eynhallow","GBT.FP96158","2008","1.00000000010732","1.00680051433117","27.3593"
"Eynhallow","GBT.FP96159","2008","1.00000000006412","1.00361207632429","27.8618"
"Eynhallow","GBT.FP96159","2009","0.999999999904958","0.999267829944221","25.6148"
"Eynhallow","GBT.FP96159","2010","0.999999999965439","1.00739833820532","25.8116"
"Eynhallow","GBT.FP96159","2011","1.00000000007412","0.998023427659964","26.4645"
"Eynhallow","GBT.FP96160","2008","0.999999999976353","0.999747441958311","25.93"
"Eynhallow","GBT.FP96161","2008","1.0000000000914","1.00120590796402","26.5173"
"Eynhallow","GBT.FP96161","2012","1.00000000003638","1.00775195743713","27.357"
"Eynhallow","GBT.FP96162","2008","1.00000000013551","1.01189749784644","27.9514"
"Eynhallow","GBT.FP96162","2009","0.999999999879492","1.0033262773171","27.3706"
"Eynhallow","GBT.FP96162","2010","0.999999999902684","1.00332043146787","27.3938"
"Eynhallow","GBT.FP96162","2011","1.00000000033742","0.996232472851976","28.1849"
"Eynhallow","GBT.FP96186","2017","0.999999999974534","1.00199267116933","26.623"
"Eynhallow","GBT.FP96193","2009","1.00000000016189","0.996947867108322","27.9277"
"Eynhallow","GBT.FP96193","2010","0.999999999862212","0.999370933947318","27.584"
"Eynhallow","GBT.FP96194","2009","0.999999999728061","1.0097559447376","27.1573"
"Eynhallow","GBT.FP96194","2010","1.00000000010641","1.00560793537798","27.1324"
"Eynhallow","GBT.FP96194","2011","0.999999999846295","1.00152464825688","26.9973"
"Eynhallow","GBT.FP96194","2015","1.00000000021646","1.01334538378971","27.502"
"Eynhallow","GBT.FP96194","2016","0.999999999762622","0.998292499202087","26.9237"
"Eynhallow","GBT.FP96195","2009","1.00000000024738","1.0007606106773","23.0848"
"Eynhallow","GBT.FP96195","2010","0.999999999987267","0.997581000362832","25.6362"
"Eynhallow","GBT.FP96195","2011","0.999999999626652","0.997459071045794","24.389"
"Eynhallow","GBT.FP96195","2014","0.999999999698957","0.999452578455445","27.2193"
"Eynhallow","GBT.FP96195","2016","1.00000000016507","0.993862929693912","21.8785"
"Eynhallow","GBT.FP96195","2017","0.999999999905867","0.994928456287843","22.8421"
"Eynhallow","GBT.FP96196","2010","0.999999999642114","1.00295331587823","26.6014"
"Eynhallow","GBT.FP96196","2016","1.00000000010959","0.994279132269197","26.0302"
"Eynhallow","GBT.FP96196","2017","1.00000000008458","1.00653212013155","26.4916"
"Eynhallow","GBT.FP96196","2018","0.999999999818101","1.00974612784898","27.1454"
"Eynhallow","GBT.FP96196","2019","0.999999999766715","1.00396625469642","26.3628"
"Eynhallow","GBT.FP96196","2020","0.999999999988177","1.00062808354916","27.0238"
"Eynhallow","GBT.FP96197","2009","1.00000000004457","1.0078027238031","26.89"
"Eynhallow","GBT.FP96197","2010","1.00000000011687","1.00170449854494","26.7384"
"Eynhallow","GBT.FP96197","2016","0.999999999830834","0.995838647808202","26.7955"
"Eynhallow","GBT.FP96197","2017","0.999999999650754","1.01566574001879","26.7593"
"Eynhallow","GBT.FP96197","2018","1.00000000021191","1.01472419494914","27.2002"
"Eynhallow","GBT.FP96197","2019","0.999999999956799","1.00804086169333","26.4715"
"Eynhallow","GBT.FP96199","2010","0.999999999817646","1.010079514457","26.4659"
"Eynhallow","GBT.FP96199","2011","1.00000000008549","0.998281278938391","26.8713"
"Eynhallow","GBT.FP96199","2014","0.99999999990905","1.00308125397437","26.1297"
"Eynhallow","GBT.FP96199","2015","1.00000000003638","1.00612617418661","26.9297"
"Eynhallow","GBT.FP96199","2016","0.999999999643933","0.996566705852909","25.9006"
"Eynhallow","GBT.FP96199","2017","0.999999999659394","1.00872401470883","27.1635"
"Eynhallow","GBT.FP96199","2018","0.999999999819465","1.00784358134235","26.8336"
"Eynhallow","GBT.FP96199","2019","0.999999999876763","1.00553758602033","26.5302"
"Eynhallow","GBT.FP96199","2020","1.00000000000637","1.0109290406245","26.6"
"Eynhallow","GBT.FP96200","2009","0.999999999861075","0.997310356852977","25.896"
"Eynhallow","GBT.FP96218","2010","0.999999999674401","0.997967017859343","24.1638"
"Eynhallow","GBT.FP96218","2019","0.999999999958618","1.00098413011289","25.207"
"Eynhallow","GBT.FP96218","2020","1.00000000014415","1.00388658467288","26.037"
"Eynhallow","GBT.FP96219","2010","0.999999999889951","1.00414805857405","27.5171"
"Eynhallow","GBT.FP96219","2014","0.999999999796273","1.00038965566101","27.3493"
"Eynhallow","GBT.FP96219","2015","1.00000000023465","1.00598291983011","27.8123"
"Eynhallow","GBT.FP96219","2016","1.00000000012415","0.996326555669824","27.6076"
"Eynhallow","GBT.FP96220","2010","1.00000000008777","0.998660475725551","25.3327"
"Eynhallow","GBT.FP96220","2011","1.00000000048567","0.99309708200396","25.1792"
"Eynhallow","GBT.FP96224","2010","0.999999999953616","1.00144303216496","25.6626"
"Eynhallow","GBT.FP96224","2014","1.00000000000682","1.00690858105113","26.4928"
"Eynhallow","GBT.FP96224","2015","1.00000000008413","1.009604495767","26.8326"
"Eynhallow","GBT.FP96224","2018","0.999999999849479","1.01230832965696","26.7249"
"Eynhallow","GBT.FP96224","2019","0.999999999962711","1.00661730676058","26.8216"
"Eynhallow","GBT.FP96224","2020","0.999999999989086","1.00671434876045","27.6265"
"Eynhallow","GBT.FP96225","2016","0.99999999989177","0.996472305498873","27.3018"
"Eynhallow","GBT.FP96225","2017","0.999999999674401","1.00198313391444","27.2412"
"Eynhallow","GBT.FP96225","2018","1.00000000025648","1.00238943974831","27.5808"
"Eynhallow","GBT.FP96226","2010","0.999999999598458","1.00682694298745","27.5875"
"Eynhallow","GBT.FP96226","2011","0.999999999954525","0.997816403017285","27.6476"
"Eynhallow","GBT.FP96227","2010","0.999999999206011","1.00412504896292","26.9861"
"Eynhallow","GBT.FP96228","2010","1.00000000015234","0.999480361038554","26.7896"
"Eynhallow","GBT.FP96228","2011","1.00000000021373","0.99630644872271","26.4413"
"Eynhallow","GBT.FP96234","2010","0.999999999965439","0.998088877024504","26.5092"
"Eynhallow","GBT.FP96234","2015","0.999999999844931","1.00526022521146","26.8655"
"Eynhallow","GBT.FP96234","2017","1.00000000042382","1.00386733811419","26.615"
"Eynhallow","GBT.FP96235","2010","0.999999999949068","1.00142589193583","27.0882"
"Eynhallow","GBT.FP96288","2007","1.00000000022374","1.00023918604492","24.9804"
"Eynhallow","GBT.FP96304","2014","0.999999999307875","1.0004438368297","27.3898"
"Eynhallow","GBT.FP96325","2009","0.999999999839929","1.00970455192955","26.8204"
"Eynhallow","GBT.FP96328","2008","0.999999999965439","1.01126906533008","27.5791"
"Eynhallow","GBT.FP96328","2010","1.00000000027558","1.00113061987214","27.3913"
"Eynhallow","GBT.FP96328","2011","1.00000000013642","0.999463162670094","27.0777"
"Eynhallow","GBT.FP96328","2014","0.999999999882675","1.00273750227687","27.2546"
"Eynhallow","GBT.FP96329","2007","0.999999999994998","1.00070489006334","25.8949"
"Eynhallow","GBT.FP96329","2008","1.00000000010323","1.00230950616466","26.3285"
"Eynhallow","GBT.FP96329","2009","1.00000000020873","0.997149615086939","26.9966"
"Eynhallow","GBT.FP96329","2010","0.999999999731699","0.995461065747192","27.6943"
"Eynhallow","GBT.FP96329","2011","0.999999999908596","0.992144459031705","27.7627"
"Eynhallow","GBT.FP96329","2015","1.00000000002592","0.998444211370984","27.4268"
"Eynhallow","GBT.FP96329","2016","0.999999999992269","0.993721025810136","27.7673"
"Eynhallow","GBT.FP96329","2018","0.999999999711235","1.00716983438815","26.9771"
"Eynhallow","GBT.FP96332","2007","0.999999999934289","0.995503889457655","25.5412"
"Eynhallow","GBT.FP96344","2017","1.00000000073305","1.0072527266764","26.5157"
"Eynhallow","GBT.FP96344","2018","0.999999999641659","1.00663441860935","26.772"
"Eynhallow","GBT.FP96344","2019","1.00000000018326","1.00139632984045","25.8576"
"Eynhallow","GBT.FP96344","2020","0.999999999684405","1.00263614433446","26.6102"
"Eynhallow","GBT.FP96361","2014","1.00000000001182","0.998378203691099","24.9295"
"Eynhallow","GBT.FP96361","2015","0.999999999739657","1.00192435273675","25.7525"
"Eynhallow","GBT.FP96377","2016","0.999999999668034","0.999932470807982","26.6962"
"Eynhallow","GBT.FP96377","2017","1.00000000024284","1.00798575278499","27.2257"
"Eynhallow","GBT.FP96378","2016","1.000000000402","0.996240206484324","27.7393"
"Eynhallow","GBT.FP96378","2017","0.999999999906322","1.00609063468871","27.6137"
"Eynhallow","GBT.FP96381","2015","0.999999999974534","1.00994053925243","27.315"
"Eynhallow","GBT.FP96381","2016","0.999999999874944","0.996832915569093","26.4468"
"Eynhallow","GBT.FP96381","2017","1.0000000002417","1.00254742899023","27.395"
"Eynhallow","GBT.FP96381","2018","1.00000000017917","1.00639134742596","26.7323"
"Eynhallow","GBT.FP96399","2014","0.999999999571628","1.00502588472788","26.5998"
"Eynhallow","GBT.FP96399","2015","0.99999999929787","1.01113099913422","26.3513"
"Eynhallow","GBT.FP96399","2016","1.00000000000546","0.996972219962627","26.4172"
"Eynhallow","GBT.FP96399","2017","0.999999999756255","1.01334899217842","26.5559"
"Eynhallow","GBT.FP96399","2018","0.999999999850388","1.00949191761666","26.5278"
"Eynhallow","GBT.FP96399","2019","1.00000000010209","1.00249139585361","23.4964"
"Eynhallow","GBT.FP96400","2014","1.00000000043315","1.00233150696075","26.2872"
"Eynhallow","GBT.FP96400","2015","1.00000000021737","1.00604250121283","26.8559"
"Eynhallow","GBT.FP96400","2016","1.0000000002974","0.9973279352353","25.4626"
"Eynhallow","GBT.FP96400","2017","1.00000000017599","1.00743146392","26.4776"
"Eynhallow","GBT.FP96400","2018","1.00000000018463","1.00402270867995","26.4198"
"Eynhallow","GBT.FP96400","2019","0.999999999727152","1.00375744570124","26.7636"
"Eynhallow","GBT.FP96491","2018","0.999999999821284","1.00524994263094","26.2346"
"Eynhallow","GBT.FP96492","2014","0.999999999935426","0.997389259065438","25.6267"
"Eynhallow","GBT.FP96492","2016","1.0000000000623","0.994854297063817","25.6268"
"Eynhallow","GBT.FP96492","2017","1.00000000009186","1.00619762499727","26.8488"
"Eynhallow","GBT.FP96492","2018","0.999999999863121","1.00619790926329","27.0881"
"Eynhallow","GBT.FP96493","2014","0.999999999659849","1.00124415153253","25.6095"
"Eynhallow","GBT.FP96493","2015","0.999999999533429","1.01100996514033","26.7565"
"Eynhallow","GBT.FP96494","2014","0.999999999766715","0.999564842930309","26.8503"
"Eynhallow","GBT.FP96498","2014","0.999999999619831","0.999605192096107","27.3417"
"Eynhallow","GBT.FP96500","2018","0.999999999823103","1.01111998949228","27.2035"
"Eynhallow","GBT.FP96500","2019","1.00000000025375","1.01022501373386","26.6442"
"Eynhallow","GBT.FP96500","2020","0.999999999582997","1.01314469882173","27.0137"
"Eynhallow","GBT.FR77703","2010","1.00000000028513","1.00031953396527","26.0873"
"Eynhallow","GBT.FR77703","2011","0.99999999986403","0.998329174208913","26.459"
"Eynhallow","GBT.FR77804","2016","0.999999999933152","0.995883700575525","27.3397"
"Eynhallow","GBT.FR77804","2017","1.00000000009777","1.00764015103001","27.2244"
"Eynhallow","GBT.FR77804","2018","1.00000000007503","1.01016748751157","27.6512"
"Eynhallow","GBT.FR77804","2019","1.00000000040927","1.00161679057876","27.5249"
"Eynhallow","GBT.FR77804","2020","1.00000000031696","1.0047759575411","27.2475"
"Eynhallow","GBT.FR77822","2010","1.00000000010596","1.00477885481431","26.6809"
"Eynhallow","GBT.FR77822","2011","0.999999999626198","0.999018355840469","26.9303"
"Eynhallow","GBT.FR77890","2014","1.00000000016462","1.00542228413532","27.8509"
"Eynhallow","GBT.FR77890","2015","0.999999999889042","1.01286209092765","28.2459"
"Eynhallow","GBT.FR77890","2016","1.00000000016735","1.00559316881053","28.3426"
"Eynhallow","GBT.FR77890","2017","1.00000000004911","1.00916968223421","28.1585"
"Eynhallow","GBT.FR77984","2008","0.999999999776037","1.00238190644773","26.761"
"Eynhallow","GBT.FR77985","2011","1.00000000004184","0.998109177874409","25.4926"
"Eynhallow","GBT.FS68841","2014","0.999999999907232","1.0026276616653","27.0337"
"Faroe.Islands","DKC.4074923","2015","0.999999999970441","0.99794478522298","26.5385"
"Faroe.Islands","DKC.4294430","2015","0.999999999889951","1.00039505540978","27.1676"
"Faroe.Islands","DKC.4294439","2015","0.999999999895408","0.994417631404003","25.114"
"Faroe.Islands","DKC.4294439","2016","1.00000000020418","0.997800296697579","24.4766"
"Faroe.Islands","DKC.4294440","2015","1.00000000006253","0.995171530369742","26.3436"
"Faroe.Islands","DKC.4294442","2015","1.00000000020918","0.994490668213895","29.4411"
"Faroe.Islands","DKC.4294448","2015","0.999999999862666","0.998166887535943","25.8773"
"Faroe.Islands","DKC.4294448","2016","0.999999999937927","0.996778529162088","25.3839"
"Faroe.Islands","DKC.4294450","2015","0.99999999999045","0.998030872806446","27.5619"
"Faroe.Islands","DKC.4298152","2020","0.99999999998272","0.996201091328584","25.4314"
"Faroe.Islands","DKC.4298251","2017","0.999999999994998","0.997770753454214","23.5776"
"Faroe.Islands","DKC.4298251","2018","1.00000000041337","0.995642550174071","23.4166"
"Faroe.Islands","DKC.4298251","2019","1.00000000004775","0.99575323487449","22.8697"
"Faroe.Islands","DKC.4298255","2017","0.999999999789452","0.998731278268189","24.3562"
"Faroe.Islands","DKC.4298258","2017","0.999999999885631","0.996091756731048","25.358"
"Faroe.Islands","DKC.4298263","2017","0.99999999986494","0.996644755544692","22.6161"
"Faroe.Islands","DKC.4F.3042","2020","1.00000000012415","0.999655261147391","26.1723"
"Faroe.Islands","DKC.4F0156","2016","1.00000000040745","0.996675329129575","26.9564"
"Faroe.Islands","DKC.4F0156","2017","0.999999999736247","0.99557296786872","26.8821"
"Faroe.Islands","DKC.4F0158","2016","1.00000000021782","0.997529387354993","25.1875"
"Faroe.Islands","DKC.4F0158","2017","0.999999999733518","0.997826759208622","23.6774"
"Faroe.Islands","DKC.4F0160","2016","1.00000000005275","0.999095394068655","25.1435"
"Faroe.Islands","DKC.4F0161","2016","0.999999999945885","0.997847396447756","24.825"
"Faroe.Islands","DKC.4F0161","2017","1.00000000012506","0.998225164072914","24.366"
"Faroe.Islands","DKC.4F0164","2016","0.999999999836746","0.994262807741057","25.9898"
"Faroe.Islands","DKC.4F0164","2017","1.00000000012051","0.996460856502504","26.093"
"Faroe.Islands","DKC.4F0166","2016","1.00000000020327","0.997267583343498","26.6818"
"Faroe.Islands","DKC.4F0166","2017","1.00000000005184","0.996977122082765","26.2567"
"Faroe.Islands","DKC.4F0167","2016","0.999999999708507","0.996343912700019","24.5185"
"Faroe.Islands","DKC.4F0168","2016","1.00000000020464","0.995615609295799","25.8704"
"Faroe.Islands","DKC.4F0169","2016","0.999999999935881","0.996924478548384","25.036"
"Inishkea","GBT.FH15526","2019","0.99999999997226","0.997279595241347","25.6091"
"Inishkea","GBT.FH15526","2020","1.00000000035607","0.99885308432072","26.292"
"Inishkea","GBT.FH15698","2019","1.00000000023829","1.00112894948317","27.1667"
"Inishkea","GBT.FH15698","2020","1.00000000021737","0.999499798480063","27.6982"
"Inishkea","GBT.FH78391","2019","0.999999999822649","1.00188097595122","27.6811"
"Inishkea","GBT.FH78391","2020","0.999999999962711","0.998961326999361","26.9286"
"Inishkea","GBT.FH78393","2019","0.999999999916781","0.998432316507162","26.758"
"Inishkea","GBT.FH78393","2020","0.999999999666215","0.999009505291127","27.3692"
"Isle.of.Canna","GBT.FH49405","2014","0.99999999976626","0.997709352258142","27.5136"
"Isle.of.Canna","GBT.FH49405","2015","0.999999999952706","1.0073784636562","27.5025"
"Isle.of.Canna","GBT.FH49407","2014","1.00000000003183","0.997228399153006","26.6186"
"Isle.of.Canna","GBT.FH49494","2014","0.999999999939519","0.997009989797943","26.292"
"Isle.of.Canna","GBT.FP29405","2014","1.00000000008458","0.995513480992556","26.6023"
"Isle.of.Canna","GBT.FP41256","2014","0.999999999894499","0.997660542011774","24.7519"
"Isle.of.Canna","GBT.FP48025","2014","1.00000000010004","0.994892928520377","25.4167"
"Isle.of.Canna","GBT.FP48027","2014","0.999999999795818","0.996565642479785","25.4817"
"Isle.of.Canna","GBT.FP84411","2014","0.999999999943611","0.999696976917932","27.6525"
"Isle.of.Canna","GBT.FP84411","2015","0.999999999515694","1.01410236675176","27.5521"
"Jan.Mayen","NOS.4181597","2017","1.00000000005321","0.992660449466159","26.3794"
"Jan.Mayen","NOS.4181597","2018","0.999999999382453","0.995119458791274","25.9573"
"Jan.Mayen","NOS.4181600","2016","1.00000000032833","0.993412331212521","24.3996"
"Jan.Mayen","NOS.4181602","2014","0.999999999948614","0.994083424897035","25.4867"
"Jan.Mayen","NOS.4181602","2015","0.999999999913598","0.992737304862579","24.7794"
"Jan.Mayen","NOS.4181602","2016","0.999999999877673","0.991660332223135","24.451"
"Jan.Mayen","NOS.4181602","2017","0.999999999914053","0.991654615012961","25.863"
"Jan.Mayen","NOS.4181602","2018","0.99999999995498","0.990958072062989","25.3955"
"Jan.Mayen","NOS.4181602","2019","1.00000000006639","0.992347257877191","25.5421"
"Jan.Mayen","NOS.4181602","2020","1.00000000028831","0.991163760666364","25.6435"
"Jan.Mayen","NOS.4181604","2014","0.999999999680767","0.992048841405446","26.47"
"Jan.Mayen","NOS.4181604","2015","1.00000000004411","0.994283364425139","25.7002"
"Jan.Mayen","NOS.4181604","2016","0.999999999871989","0.991363570563848","26.9216"
"Jan.Mayen","NOS.4181604","2017","1.00000000013915","0.996029606290277","24.0577"
"Jan.Mayen","NOS.4181605","2016","0.999999999934516","0.991024327715375","24.984"
"Jan.Mayen","NOS.4181605","2017","0.999999999883357","0.991333099966837","24.8581"
"Jan.Mayen","NOS.4181606","2014","1.00000000012369","0.989441348934097","28.2561"
"Jan.Mayen","NOS.4181606","2015","1.0000000001437","0.99318283745809","27.1165"
"Jan.Mayen","NOS.4181607","2014","0.999999999664851","0.993113685456188","25.9956"
"Jan.Mayen","NOS.4181607","2015","0.999999999962256","0.99400710212628","25.5862"
"Jan.Mayen","NOS.4181607","2016","1.00000000030195","0.991845252391311","23.6048"
"Jan.Mayen","NOS.4181607","2017","1.00000000034379","0.992477593055723","22.1052"
"Jan.Mayen","NOS.4181608","2014","0.999999999938154","0.993643823839575","26.193"
"Jan.Mayen","NOS.4181608","2015","0.999999999951797","0.993871230762582","26.1652"
"Jan.Mayen","NOS.4181608","2016","1.00000000031378","0.992436823911065","25.4891"
"Jan.Mayen","NOS.4181608","2017","1.00000000007981","0.992274462066555","25.0241"
"Jan.Mayen","NOS.4181608","2018","1.00000000026557","0.99432548261163","25.5943"
"Jan.Mayen","NOS.4181610","2014","0.999999999891315","0.995976657826835","24.5887"
"Jan.Mayen","NOS.4181610","2015","0.999999999880401","0.993930834191983","26.878"
"Jan.Mayen","NOS.4181610","2016","1.00000000010095","0.994692442469315","24.4882"
"Jan.Mayen","NOS.4181610","2017","1.00000000002683","0.995705055070066","25.5809"
"Jan.Mayen","NOS.4181610","2018","1.00000000032605","0.99495148001288","24.8464"
"Jan.Mayen","NOS.4181611","2014","1.00000000013233","0.990060144720042","23.0152"
"Jan.Mayen","NOS.4181612","2014","0.999999999898137","0.99321641800092","26.5352"
"Jan.Mayen","NOS.4181612","2015","0.999999999722604","0.993013425944038","26.6724"
"Jan.Mayen","NOS.4181614","2014","1.00000000009823","0.992575665960277","25.1856"
"Jan.Mayen","NOS.4181615","2014","1.00000000009004","0.99166667903679","25.7098"
"Jan.Mayen","NOS.4181615","2015","1.00000000002365","0.993557301520544","25.8472"
"Jan.Mayen","NOS.4181615","2016","0.999999999952706","0.993477873768621","24.7357"
"Jan.Mayen","NOS.4181617","2014","1.00000000009004","0.991873698364349","25.4825"
"Jan.Mayen","NOS.4181620","2014","1.00000000017735","0.992095742763993","25.2519"
"Jan.Mayen","NOS.4181620","2015","0.999999999995907","0.992440289497501","24.4487"
"Jan.Mayen","NOS.4181621","2016","1.00000000025739","0.993260662684237","25.1364"
"Jan.Mayen","NOS.4181621","2017","1.0000000002151","0.993712830371073","25.7198"
"Jan.Mayen","NOS.4181621","2018","0.99999999991087","0.992838686480667","24.382"
"Jan.Mayen","NOS.4181622","2018","0.999999999912234","0.993750950439929","25.844"
"Jan.Mayen","NOS.4181622","2019","1.00000000005775","0.992184434015994","25.2595"
"Jan.Mayen","NOS.4181622","2020","0.999999999893816","0.991261218198958","25.485"
"Jan.Mayen","NOS.4181623","2014","0.999999999911324","0.991871997273982","24.589"
"Jan.Mayen","NOS.4181623","2015","1.00000000005912","0.993004280381924","23.0187"
"Jan.Mayen","NOS.4181623","2016","1.0000000001919","0.994066835791329","25.2804"
"Jan.Mayen","NOS.4181623","2017","1.00000000010277","0.99125507898783","22.4288"
"Jan.Mayen","NOS.4181623","2018","1.00000000006457","0.992257568551879","26.5076"
"Jan.Mayen","NOS.4181623","2019","1.0000000001537","0.990044775900656","24.0844"
"Jan.Mayen","NOS.4181624","2014","1.00000000005866","0.994304539528943","25.2141"
"Jan.Mayen","NOS.4181624","2015","0.999999999919055","0.995413360743204","25.4545"
"Jan.Mayen","NOS.4181624","2016","0.999999999812189","0.997432483721573","25.0066"
"Jan.Mayen","NOS.4181624","2017","0.999999999876309","0.996466843571852","25.2865"
"Jan.Mayen","NOS.4181625","2014","1.00000000002365","0.994793753098271","24.8829"
"Jan.Mayen","NOS.4181625","2015","0.999999999926786","0.99448030597041","25.3515"
"Jan.Mayen","NOS.4181625","2016","1.00000000003365","0.994037251113784","25.2153"
"Jan.Mayen","NOS.4181625","2017","0.999999999974079","0.99518568512669","25.6363"
"Jan.Mayen","NOS.4181626","2014","0.999999999822649","0.992382345606335","25.8867"
"Jan.Mayen","NOS.4181626","2016","0.999999999993406","0.992599911873779","24.7827"
"Jan.Mayen","NOS.4181626","2017","1.00000000052478","0.991419826516133","24.744"
"Jan.Mayen","NOS.4181626","2018","0.999999999900865","0.99408106561859","25.4679"
"Jan.Mayen","NOS.4181627","2018","0.999999999636202","0.99566809405726","22.8186"
"Jan.Mayen","NOS.4181628","2014","1.00000000000546","0.995227117403938","25.3993"
"Jan.Mayen","NOS.4181629","2014","1.00000000044156","0.994894995788881","26.6285"
"Jan.Mayen","NOS.4181629","2015","0.999999999858574","0.994039202910177","26.7488"
"Jan.Mayen","NOS.4181629","2016","0.999999999834472","0.992620156086096","24.9014"
"Jan.Mayen","NOS.4181629","2017","0.999999999962711","0.993699389174871","25.7571"
"Jan.Mayen","NOS.4181629","2018","1.00000000006821","0.995468974619445","26.7898"
"Jan.Mayen","NOS.4181630","2014","1.00000000000045","0.993800827813532","25.2608"
"Jan.Mayen","NOS.4181630","2015","0.999999999874035","0.992018668740718","25.8894"
"Jan.Mayen","NOS.4181630","2016","0.999999999959527","0.992829886900391","23.5385"
"Jan.Mayen","NOS.4181630","2017","1.00000000021919","0.993092258156666","26.2774"
"Jan.Mayen","NOS.4181631","2015","1.00000000015848","0.992496386162735","26.3503"
"Jan.Mayen","NOS.4181631","2016","0.999999999806732","0.990883423126472","26.3751"
"Jan.Mayen","NOS.4181631","2017","1.00000000040905","0.992852231789565","26.9409"
"Jan.Mayen","NOS.4181632","2015","0.999999999967258","0.991866707143822","24.9299"
"Jan.Mayen","NOS.4181632","2016","0.999999999853571","0.991999532117395","25.4178"
"Jan.Mayen","NOS.4181633","2015","1.00000000006617","0.99235291333745","26.517"
"Jan.Mayen","NOS.4181633","2016","0.999999999928605","0.993255847292806","27.1128"
"Jan.Mayen","NOS.4181633","2019","0.999999999913598","0.99012866519887","25.9862"
"Jan.Mayen","NOS.4181633","2020","1.00000000009777","0.992157724366887","26.2596"
"Jan.Mayen","NOS.4181634","2015","1.00000000038244","0.993737043942742","24.3842"
"Jan.Mayen","NOS.4181634","2017","0.999999999862666","0.992195772082924","25.1719"
"Jan.Mayen","NOS.4181636","2015","0.999999999976353","0.99055142873343","26.2402"
"Jan.Mayen","NOS.4181636","2016","0.999999999818556","0.991667461698633","24.8053"
"Jan.Mayen","NOS.4181637","2015","1.00000000033697","0.993569733038439","25.5978"
"Jan.Mayen","NOS.4181637","2016","1.0000000002226","0.994205395265895","25.1051"
"Jan.Mayen","NOS.4181638","2016","1.00000000007094","0.989203709743533","23.0287"
"Jan.Mayen","NOS.4181638","2017","0.999999999916781","0.990732610304158","25.5214"
"Jan.Mayen","NOS.4181639","2016","0.999999999644388","0.990766898400503","26.2855"
"Jan.Mayen","NOS.4181639","2017","0.999999999618012","0.992844319106138","24.6339"
"Jan.Mayen","NOS.4181639","2018","0.999999999824468","0.991832691585325","23.2037"
"Jan.Mayen","NOS.4181640","2016","1.00000000001501","0.994233663670326","25.8033"
"Jan.Mayen","NOS.4181640","2017","1.00000000008026","0.994456683708529","25.8933"
"Jan.Mayen","NOS.4181640","2018","0.999999999628017","0.995014466207721","26.7045"
"Jan.Mayen","NOS.4181641","2016","0.999999999986358","0.993757123134932","23.2801"
"Jan.Mayen","NOS.4181641","2017","0.999999999888587","0.993506288173246","24.8536"
"Jan.Mayen","NOS.4181642","2016","1.00000000004547","0.990489617732613","23.2835"
"Jan.Mayen","NOS.4181642","2017","0.999999999875399","0.993089489668526","25.1265"
"Jan.Mayen","NOS.4181642","2018","0.999999999843567","0.989271688251385","25.1155"
"Jan.Mayen","NOS.4181644","2016","1.00000000010414","0.992837826351115","26.6219"
"Jan.Mayen","NOS.4181644","2017","1.00000000048431","0.993830344103991","26.6861"
"Jan.Mayen","NOS.4181645","2016","0.999999999924512","0.993082951873721","25.2944"
"Jan.Mayen","NOS.4181645","2017","0.999999999847205","0.994300661365159","25.3497"
"Jan.Mayen","NOS.4181646","2016","0.999999999718511","0.991361742325923","23.4362"
"Jan.Mayen","NOS.4181646","2017","1.00000000001637","0.988672539055201","25.0978"
"Jan.Mayen","NOS.4181646","2018","0.999999999822194","0.993077554473318","25.7458"
"Jan.Mayen","NOS.4181647","2016","1.0000000003929","0.993060412948686","26.0655"
"Jan.Mayen","NOS.4181647","2017","1.00000000017644","0.992668234889814","23.8741"
"Jan.Mayen","NOS.4181647","2018","1.00000000030013","0.990667794745336","26.266"
"Jan.Mayen","NOS.4181650","2017","0.999999999879037","0.994278334869348","25.3251"
"Jan.Mayen","NOS.4181650","2018","1.00000000001182","0.993155781094939","24.0926"
"Jan.Mayen","NOS.4181650","2019","0.999999999607098","0.991463336257266","24.2366"
"Jan.Mayen","NOS.4181650","2020","1.00000000038199","0.99378095141542","24.8581"
"Jan.Mayen","NOS.4181651","2017","0.999999999517058","0.99364999793487","25.0922"
"Jan.Mayen","NOS.4181651","2018","0.999999999753072","0.99143621872354","25.6014"
"Jan.Mayen","NOS.4181654","2017","0.999999999669399","0.991105600556334","23.8951"
"Jan.Mayen","NOS.4181655","2017","0.999999999864485","0.994697374458927","25.3076"
"Jan.Mayen","NOS.4181655","2018","1.00000000013051","0.994048239879248","25.9735"
"Jan.Mayen","NOS.4181657","2017","0.999999999839474","0.993836838084193","25.8592"
"Jan.Mayen","NOS.4181657","2018","0.999999999931333","0.994157539149496","26.3223"
"Jan.Mayen","NOS.4181661","2017","1.00000000013415","0.994382564076769","25.2759"
"Jan.Mayen","NOS.4181661","2018","1.00000000019054","0.991171433587962","26.6155"
"Jan.Mayen","NOS.4181662","2017","1.00000000009823","0.996800311130692","25.7412"
"Jan.Mayen","NOS.4181662","2018","1.00000000000773","0.994168114280123","24.3683"
"Jan.Mayen","NOS.4181663","2017","0.999999999938154","0.992969222596471","26.2005"
"Jan.Mayen","NOS.4181664","2017","0.99999999983902","0.992364903671139","26.279"
"Jan.Mayen","NOS.4181664","2018","1.00000000011005","0.991356657924847","27.6355"
"Jan.Mayen","NOS.4181664","2019","0.999999999861757","0.991198066897995","27.6623"
"Jan.Mayen","NOS.4181664","2020","1.00000000022737","0.992045204589027","25.4672"
"Jan.Mayen","NOS.4181665","2018","0.999999999986358","0.995027829012808","24.6705"
"Jan.Mayen","NOS.4181666","2018","0.999999999914507","0.995013949178387","24.5349"
"Jan.Mayen","NOS.4181666","2019","0.999999999747615","0.995721144184192","24.06"
"Jan.Mayen","NOS.4181666","2020","0.999999999921329","0.997873559823018","25.1037"
"Jan.Mayen","NOS.4181667","2018","1.00000000005593","0.99335393773043","27.2912"
"Jan.Mayen","NOS.4181668","2018","1.00000000006276","0.994894695148659","25.5264"
"Jan.Mayen","NOS.4181670","2018","0.999999999724423","0.992201671432492","24.7411"
"Jan.Mayen","NOS.4181674","2019","0.999999999799911","0.995666298470646","26.741"
"Jan.Mayen","NOS.4181674","2020","0.999999999939973","0.992640166722114","26.3432"
"Jarsteinen","NOS.4104835","2017","0.999999999788088","1.00079132433652","27.9703"
"Jarsteinen","NOS.4104835","2019","1.00000000016553","0.999481496809598","28.3937"
"Jarsteinen","NOS.4104835","2020","1.00000000023192","1.00092937138985","28.2853"
"Jarsteinen","NOS.4207468","2011","0.99999999967531","0.998759272392392","26.3674"
"Jarsteinen","NOS.4207468","2012","0.999999999917691","1.00644082163986","25.7424"
"Jarsteinen","NOS.4221715","2015","0.999999999870852","1.00292865069812","26.2648"
"Jarsteinen","NOS.4221715","2016","0.999999999731472","1.00443034712512","25.8283"
"Jarsteinen","NOS.4221715","2017","0.999999999870397","1.00295108821661","25.3663"
"Jarsteinen","NOS.4221715","2018","0.999999999918828","0.996432656751534","24.9559"
"Jarsteinen","NOS.4241937","2018","1.00000000041609","1.00522619538911","27.6351"
"Jarsteinen","NOS.4241937","2019","0.999999999920874","1.00613132335012","27.5022"
"Jarsteinen","NOS.4262401","2011","0.999999999865395","0.995391268630712","28.344"
"Jarsteinen","NOS.4262401","2012","0.999999999848569","1.00612485347438","26.8975"
"Jarsteinen","NOS.4262415","2011","0.99999999974807","1.00205442919275","28.1032"
"Jarsteinen","NOS.4262415","2012","1.00000000043701","1.00639391468703","27.4746"
"Jarsteinen","NOS.4262538","2011","0.999999999904048","0.997232232021141","27.0393"
"Jarsteinen","NOS.4262538","2012","0.999999999742613","1.00707516165981","27.0896"
"Jarsteinen","NOS.4262541","2011","1.00000000030195","0.989678360268898","25.7703"
"Jarsteinen","NOS.4262541","2012","0.999999999628926","1.001150428705","23.7125"
"Jarsteinen","NOS.4262801","2018","0.99999999987449","1.01167464073491","29.5746"
"Jarsteinen","NOS.4262804","2016","0.999999999989541","1.00552865914937","26.8062"
"Jarsteinen","NOS.4262952","2018","0.99999999983902","1.00101540842078","29.109"
"Jarsteinen","NOS.4264093","2015","0.999999999956799","1.00280198720121","25.0557"
"Jarsteinen","NOS.4264093","2016","1.00000000007526","1.00052146418258","25.2069"
"Jarsteinen","NOS.4264093","2017","1.00000000033947","1.00692785846733","25.4303"
"Jarsteinen","NOS.4264093","2018","1.00000000021828","1.00116929063728","25.2329"
"Jarsteinen","NOS.4264390","2016","1.00000000017053","0.99779977372426","23.7031"
"Jarsteinen","NOS.4264390","2017","0.999999999808097","1.0005845986384","24.1854"
"Jarsteinen","NOS.4264403","2017","1.00000000018554","1.00555649881163","28.1888"
"Jarsteinen","NOS.4264405","2017","0.999999999543434","1.0106851687004","28.3099"
"Jarsteinen","NOS.4264405","2018","0.999999999610736","1.00663552517456","28.295"
"Little.Saltee","GBT.FA88604","2010","1.00000000008185","0.979956857197824","29.128"
"Little.Saltee","GBT.FA88604","2011","1.00000000043292","0.991196348675325","29.341"
"Little.Saltee","GBT.FB25124","2010","0.999999999887223","0.991687626750287","29.2153"
"Little.Saltee","GBT.FB25128","2010","0.999999999834472","0.986313433880734","28.8313"
"Little.Saltee","GBT.FB25130","2020","1.00000000026193","0.989780451024692","27.1533"
"Little.Saltee","GBT.FB25133","2010","1.00000000002001","0.993348041137591","28.9017"
"Little.Saltee","GBT.FB25141","2020","1.00000000001364","0.992481389108456","24.1972"
"Little.Saltee","GBT.FH15572","2019","1.0000000000764","0.972667349539782","27.8264"
"Little.Saltee","GBT.FH78306","2019","1.00000000012733","0.974884305541505","29.4225"
"Little.Saltee","GBT.FH78356","2020","1.00000000009732","0.986011888345376","27.4478"
"Little.Saltee","GBT.FH78367","2019","0.999999999908141","0.990230775819854","25.7991"
"Little.Saltee","GBT.FH78367","2020","0.999999999933152","0.985662556388741","27.2801"
"Little.Saltee","GBT.FJ59505","2020","0.999999999731699","0.986166905635796","29.7151"
"Little.Saltee","GBT.FJ59507","2020","1.00000000009913","0.986848364635241","27.8858"
"Little.Saltee","GBT.FP14812","2019","0.999999999754436","0.985155957546279","29.6982"
"Little.Saltee","GBT.FP14812","2020","0.999999999789907","0.980682082216178","28.8023"
"Little.Saltee","GBT.FP14834","2020","0.99999999983811","0.983840597047739","28.939"
"Little.Saltee","GBT.FP14869","2010","0.999999999745341","0.989342775082912","28.9076"
"Little.Saltee","GBT.FP14991","2019","1.00000000019281","0.98830045069344","27.3164"
"Little.Saltee","GBT.FP14991","2020","1.00000000015507","0.991888668181125","27.617"
"Little.Saltee","GBT.FP14999","2010","1.00000000032378","0.990421992677697","29.8081"
"Little.Saltee","GBT.FP40312","2010","1.00000000021919","0.995071288129211","29.5696"
"Little.Saltee","GBT.FP40344","2010","0.999999999772172","0.991200758457138","29.5733"
"Little.Saltee","GBT.FP40362","2020","1.00000000008095","0.986380825951124","27.1627"
"Little.Saltee","GBT.FP40378","2010","0.999999999774445","0.989889485499829","28.8264"
"Little.Saltee","GBT.FP40433","2010","1.00000000014643","0.990939891531691","29.5551"
"Little.Saltee","GBT.FP64331","2020","0.999999999686679","0.987698765255987","28.6692"
"Little.Saltee","GBT.FP64357","2010","1.00000000008549","0.987402618872807","29.9197"
"Little.Saltee","GBT.FP64357","2011","1.00000000033833","0.987393296662956","28.5344"
"Little.Saltee","GBT.FP64364","2010","1.00000000047658","0.989259612633777","29.4978"
"Little.Saltee","GBT.FP64364","2020","1.00000000011369","0.981872265491669","28.5385"
"Little.Saltee","GBT.FP64367","2010","1.00000000001637","0.9788727335194","28.9506"
"Little.Saltee","GBT.FR18053","2010","0.999999999507509","0.983234165596929","27.8499"
"Little.Saltee","GBT.FR18053","2011","1.00000000058935","0.989193614272062","28.6585"
"Little.Saltee","GBT.FR18074","2010","0.999999999744432","0.984979169805707","29.9737"
"Little.Saltee","GBT.FR18354","2010","1.00000000055934","0.981351183591765","28.5638"
"Little.Saltee","GBT.FV46558","2010","0.999999999994543","0.991019590047171","28.0422"
"Little.Saltee","GBT.FV46572","2010","1.00000000051614","0.986445265255023","29.5233"
"Little.Saltee","GBT.FV46799","2010","0.999999999476131","0.981522040363369","29.3897"
